:020000040800F2
:1000000000500020C9AD00080FAE000811AE000876
:1000100013AE000815AE000817AE0008000000007F
:1000200000000000000000000000000019AE000801
:100030001BAE0008000000001DAE000801510008C2
:1000400023AE000825AE000827AE000829AE000840
:100050002BAE00082DAE00082FAE000831AE000810
:1000600033AE000835AE000837AE000839AE0008E0
:10007000DD6100083DAE00083FAE000841AE00085B
:1000800043AE000845AE000847AE000849AE000880
:100090004BAE00084DAE00084FAE000851AE000850
:1000A00053AE000855AE000857AE000859AE000820
:1000B000AD5500085DAE00085FAE000861AE0008F7
:1000C00063AE000865AE000867AE000869AE0008C0
:1000D0006BAE0008DD54000851A50008014C000873
:1000E00073AE000875AE000877AE000810B5054C79
:1000F000237833B9044B13B10448AFF300800123D4
:10010000237010BD3001002000000000DCD8000882
:10011000084B10B51BB108490848AFF300800848E8
:10012000036803B910BD074B002BFBD0BDE810409E
:10013000184700BF0000000034010020DCD8000890
:100140003001002000000000154B002B08BF134BAE
:100150009D46A3F5803A00218B460F461348144A6A
:10016000121A0AF07BFF0F4B002B00D098470E4B62
:10017000002B00D098470020002104000D000D48FE
:10018000002802D00C48AFF300800AF039FF2000AD
:10019000290000F013F80AF077FE00BF0000080005
:1001A000005000200000000000000000300100208E
:1001B0009C32002000000000000000002DE9804873
:1001C000914CB3B008F09EFB6368904A03F00C03B7
:1001D000042B01D0082B01D08D4B0EE063686168C1
:1001E000C3F38343CD0303F1020302D5616888039F
:1001F00001D5884900E086494B431360636886490E
:10020000C3F30313C95C1368844DCB401360A36927
:10021000834A43F00103A3615368516823F070637C
:1002200043F0007321F0706151604FF0000953609A
:100230007C4905F12C00A5F806900BF08AF97A4963
:1002400005F16C000BF085F908F05EFD774805F0CC
:10025000A3F9774805F0A0F9764805F09DF97448B0
:1002600005F09AF9744805F097F9714805F094F98A
:100270004FF0020805F088F904238DF84E808DF8C0
:100280004F30A36932AE43F008036C4FA3610823DB
:1002900026F87C3D3146384608F070FC684805F089
:1002A0007BF9634805F078F905F06EF98DF84E801A
:1002B000A369314643F00803A3614FF2180338469F
:1002C0007B614FF0100BADF84C308DF84FB008F05B
:1002D00055FC5C4805F060F9554805F05DF95A4851
:1002E00005F05AF9524805F057F905F04DF9052087
:1002F00004F0DCFC554805F04FF94D4805F04CF989
:1003000005F042F98DF84E80A36907F5806743EA4E
:100310000B03A36131464FF4005A3846ADF84CA0A8
:100320008DF84FB008F02AFC4948C7F810A005F036
:1003300033F93F4805F030F905F026F98DF84E8085
:10034000A369314643F00403A3614FF40063ADF8A1
:100350004C30404848238DF84F3008F00FFC04F033
:10036000D9FE08B9079081E0CDF81C9004F0D2FEC8
:1003700000287BD0079B64200133079304F0C4FC62
:10038000079B092BF2D14FF400537B6108F0BCFCB2
:1003900009F088FE304B1B68B3F5E13F01D008F04F
:1003A0003BFC2C4C1025012765613220676104F06D
:1003B000ABFC27614FF4FA7004F0A6FC2561274DD1
:1003C000274F2C463B6833B1304609F0ABFE10B1E5
:1003D000139808F05BFE2B68002BF3D0214B2248CA
:1003E00019684A1CB2F5807F405C1A6004BF002285
:1003F0001A60C0B272B62368013B236062B61390E4
:100400000AF0FCF8DEE700BF001002400800002000
:1004100000127A0000093D00280000202C25002051
:100420000000014057BD000869BD000870BD00080C
:10043000B8C100088FBD0008ACBD0008000C014029
:10044000B9BD0008C7BD0008DBBD0008E9BD000854
:100450000DBE000800080140081A0020F405002025
:10046000F0050020EC050020500600205A4805F059
:1004700093F85A4805F090F805F086F80023ADF897
:100480005230ADF84E308DF85430E3694FF080476C
:1004900043F00103E3613B88012223F45C731B04F6
:1004A0001B0C3B800523BB8540F21F333B85BA8282
:1004B000BB8912A89BB21343BB811C238DF8483023
:1004C0000F238DF84B208DF849308DF84A3008F015
:1004D00099F83B8842489BB243F001033B8005F00A
:1004E0005BF83E4805F058F805F04EF802238DF809
:1004F0004E30A369314643F00403A3614FF48053A7
:10050000ADF84C30374848238DF84F3008F036FBB3
:10051000354805F041F805F037F8344805F03CF867
:100520002E4805F039F8324805F036F82B4805F02A
:1005300033F805F029F82F4805F02EF8274805F084
:100540002BF805F021F82C4805F026F8234805F093
:1005500023F805F019F8294806F050FA27480AF060
:10056000DFF8274B1A6898460AB1264800E026486B
:10057000264F05F011F8194805F00EF83B680BB14D
:10058000234800E0234805F007F8144805F004F874
:10059000D8F8003013B13B68002B4BD11E4804F053
:1005A000FBFF0E4804F0F8FF4CF2503006F026FA3C
:1005B0004CF250300AF0B4F8D8F800300BB11748BC
:1005C00000E0174804F0E8FF044804F0E5FF3B684A
:1005D00053B3144829E000BFFBBD0008B8C10008B0
:1005E0000ABE0008000801401CBE000826BE000824
:1005F00030BE000844BE000853BE0008A0860100BB
:10060000A000002064BE000872BE0008D8110020BF
:1006100081BE000892BE0008A4BE0008C8BE000843
:10062000DABE0008EEBE0008CB4804F0B5FFCB48A8
:1006300004F0B2FF07F008FAC94BCA4800271F6050
:1006400004F0AAFFC54804F0A7FF04F09DFFC64BC5
:100650001B68012B01D006F073FA09F015F803F0BE
:1006600017FF20230EA94FF4A2708DF83C708DF86F
:100670003D708DF83E708DF838308DF839708DF8FA
:100680003A7040F2691A08F0BBFB03F051FF4FF0DB
:1006900012090127384601220EA903F04DFF143735
:1006A000484601220EA903F047FF574509F11209F8
:1006B000F0D1AE4F0AF0C4F80EA940F2451008F090
:1006C0009FFB03F035FFD7F80090B9F1000F4AD136
:1006D00002228DF84A208DF85090636812A923F405
:1006E000404343F400436360A369A14843F011030E
:1006F000A361ADF848208DF84B9008F03FFAA3694C
:1007000043F40073A3619B4B8DF850905A6822F418
:10071000702222F480725A609968974A0A4042F423
:1007200060229A60DA6A22F47002DA621A6922F0B0
:1007300038021A615A6B22F01F0242F001025A631A
:100740009A6842F001029A609A6842F008029A6040
:100750009968884A0907FBD4936843F004039360BF
:1007600093685B07FCD40EA94FF4A3704FF0010906
:10077000C7F800904FF0020B08F042FB03F0D8FEE0
:1007800004238DF84EB08DF84F30A3697B4F43F0B2
:100790000803A36131464FF480733846ADF84C30FE
:1007A00008F0ECF98DF84EB0A369314643F0080328
:1007B000A361384610234FF400748DF84F30ADF824
:1007C0004C4008F0DBF90EA940F247103C6108F0FC
:1007D00017FB03F0ADFE0EA94FF4A47008F010FB58
:1007E00003F0A6FE05F052FF0EA940F2491008F0F2
:1007F00007FB03F09DFE624BDFF8A0A11A68B2F57B
:10080000165F70D04FF4165B0024C3F800B00C23C1
:10081000ADF856300493CDF84CB0ADF85040ADF87B
:100820005240ADF85440ADF85840DAF81820384638
:1008300042F00802CAF81820DAF8182011A942F08C
:100840000802CAF81820DAF81C2042F48022CAF8FC
:100850001C204FF48062ADF844204FF0030A1822A8
:100860008DF847208DF846A008F088F94FF4006213
:100870003846ADF84420A7F54447482211A98DF821
:1008800047208DF846A008F079F9BA8938466FEA12
:1008900042426FEA524292B2BA81049B3146ADF8AD
:1008A0005630CDF84CB0ADF85040ADF85240ADF8F0
:1008B0005440ADF8584008F003F9BB89314A9BB267
:1008C00043F40053BB81136812A843F02003136064
:1008D00027238DF848308DF849408DF84A408DF82F
:1008E0004B9007F08FFE284804F056FE00210C20A4
:1008F00004F032F90EA94FF4A57008F081FA03F064
:1009000017FE224B01221A60214B1968002959D188
:100910001A6008F0F9F91F4804F03EFE09F0C2FB26
:100920001D4B1B68B3F5E13F01D008F075F9104C81
:100930000127DFF86C906761322004F0E5F9276148
:100940004F460023DFF85CA0C9F800303224DAF803
:1009500000306BBB28E000BF03BF0008B8C100082F
:10096000082A002019BF0008740000206C0700202E
:100970000008014000240140FDF7F1FF000C014098
:100980004C0600200C48004025BF00083C08002011
:100990008401002037BF0008081A00200010024020
:1009A00080010020F00500203B68002BCFD005E03F
:1009B000304609F0B7FB0028F6D0C2E70023013C1F
:1009C0003B60C4D10EA940F24B1008F019FA03F0B5
:1009D000AFFD8F4B1B6843B10EA94FF4A67008F012
:1009E0000FFA03F0A5FD05F0F7FED8F8003043B18B
:1009F0000EA940F24D1008F003FA03F099FD05F03E
:100A0000E1FFD8F8003013B307F038FFF8B1EA6916
:100A1000AB696869296A2C69EE68AF6802F26C728A
:100A20000133C5F8B020C5F8B430C5F8B800C5F832
:100A3000AC10C5F8BC40C5F8C060C5F8C4708DE8FE
:100A4000D100744850F82110734805F02FFB734C07
:100A500004F022FD254601230593FF230493089308
:100A60006F4E00230B9306936E4B1F686E4B1F60F7
:100A7000069B002B3AD0079BFB1A052B1CD904F0D0
:100A800049FBC8B1694804F087FD694804F084FD5A
:100A9000684B4FF00008C3F8048083F83C80664A36
:100AA000664B674913A80AF009FD0122414613A8C5
:100AB00008F04EFD079719E00B9BFB1A052B15D983
:100AC000604B996811F4805810D15F4804F064FDC0
:100AD000574804F061FD574B012241465B48C3F87B
:100AE000048083F83C8008F033FD0B9701F078FB1D
:100AF000A36A002B48D0636B002B45D1A369002B60
:100B000042D0534FB81C04F0B3FC00283CD07B8883
:100B1000B7F804E0F888734538BFA7F802E07B888F
:100B2000834284BF4A4B5880864514D27A88CEEBE4
:100B30000003CEEB0202520192FBF3F33A781F2B33
:100B400028BF1F239342424901D9013201E004D258
:100B5000013A0A7001E01F233B703E4A798813680E
:100B600001F110009842C1F0A9811033994201F2BD
:100B7000A58139493B780A68581C9042C1F0A98187
:100B80000132934201F2A581069B5BBB294B1B6896
:100B900033B1324804F000FD254804F0FDFC33E099
:100BA0002F4BD3F8C035002B63D1059B132707FBD0
:100BB00003F84FF00A09059B01224B4513BF07FBC1
:100BC00009F00EA940460FA909F1010903F0B4FC90
:100BD000B9F1120FEFD1059B0133122B28BF0A2365
:100BE000059346E01F4B1A6872B9124A01275268F2
:100BF000002A3DD01C481F6004F0CEFC0C4804F0D5
:100C0000CBFC1A4B1F6033E00123069331E000BF99
:100C10003813002098C2000848BF0008941700202D
:100C200024000020500100204406002074BF00086A
:100C3000B8C1000870070020B8BF0008ADBF0008A9
:100C4000C9BF000800080140D6BF000806C0000860
:100C50001800002044000020200000200AC00008E6
:100C6000140C0020C801002019C000087C010020DD
:100C70000697824A1368002B5CD0814B814F1B681A
:100C80006433FB61804B1B68013BBB617F4B1B687E
:100C90007B617F4B196807294FF000010CBF0B46A1
:100CA0001B68B9623B627B4B11601B683B617A4BEE
:100CB0001B68FB600F23BB60784B1B680BB107F010
:100CC00069FDD7F8BC103A696E4B914204D1D3F854
:100CD000C020DB689A4206D0714B5B680BB105F00F
:100CE00085FB04233360FA69BB697869396AD7F8F0
:100CF00010E0D7F80CC0D7F8088002F26C7201330C
:100D0000C7F8B020C7F8B430C7F8B800C7F8AC10BF
:100D1000C7F8BCE0C7F8C0C0C7F8C4808DE8014080
:100D20006048CDF80C8050F82110CDF808C05E481E
:100D300005F0BCF95D4B1B68002B3DD0574B1B6881
:100D4000002B36D007F09AFD98B34E49D1F8BC304D
:100D50000869834204D1D1F8C020CB689A4201D0FF
:100D600004233360CA698B690F6AD1F814E0D1F8A3
:100D70000CC0D1F8088002F26C720133C1F8B020C7
:100D8000C1F8B430C1F8B8E0C1F8AC70C1F8BC002B
:100D9000C1F8C0C0C1F8C48042490190CDF80C80B0
:100DA000CDF808C0CDF800E051F82710404805F014
:100DB0007DF93E4B00221A60A36A7BB1606B68B973
:100DC000A3695BB13B490B6843B13B4A936843F469
:100DD000A0039360394B01221A600860384F3B68CA
:100DE00083B12F4B5B683BB1364901220B7803B9C5
:100DF0001946354808F0ACFB40F6D86200233B604A
:100E0000324B1A60324B1A68002A00F09E801D4F48
:100E100000221A60D7F8B030A3F26C73FB61D7F8E8
:100E2000B430013BBB61D7F8B8307B61D7F8BC3038
:100E30003B61D7F8C030FB60D7F8C430BB60D7F84F
:100E4000AC303B62164B5B680BB105F0CFFAD7F8BC
:100E5000AC20D5F82C80D7F8BC30D7F8C0103C2097
:100E600000FB03134146002009F00AFF002845D08B
:100E7000B8F1000F2ED0012100202DE0180600202F
:100E80002C0600202C2500207001002040060020A8
:100E90005C070020DC050020F8050020A0000020F1
:100EA0007007002098C200082CC000083C080020F1
:100EB00048BF000860070020002401409001002086
:100EC0007C0100207800002055C0000810000020A0
:100ED0001C0600204146012009F08EFCDFF898E254
:100EE0003060E96AA248D7F8BC20002914BF7146D7
:100EF0000146D7F8C0309F4805F0D8F8D7F8AC20A5
:100F0000D5F83080D7F8BC30D7F8C0103C2000FBB3
:100F100003134146012009F0B3FE90B1B8FA88F0FE
:100F2000400906F07FFDD7F8BC209148216BD7F827
:100F3000C030914F002914BF394601468F4805F053
:100F4000B5F833680BB9042333608D4B1A68002A57
:100F500064D000271F60EB6A002B5FD040F6BA62B6
:100F6000884B1968914204D91968874805F09EF8A2
:100F700054E0864BDFF82092D3F8B410D3F8B820B1
:100F8000D3F8B00002EB012881490A688A469042F2
:100F90000BD1804BD9F800901B687F4A099300233E
:100FA0009C461946DFF8E4A112E0D3F8B0300B609C
:100FB000D9F800309F42ECD23846DAF8001009F038
:100FC00035FD0137F4E7176CF80704D401314432DA
:100FD0004945F8D11EE0DAF8C0B0D2F808E0BBFB12
:100FE000FEF70EFB17B7002FF0D1576927B1B845B0
:100FF000ECD3506C8045E9D8F44507D3E6D1002FF7
:1010000009981CBF084601230990DFE70991F446BF
:101010000123DBE713B15F4B099A1A605F4BDFF8DE
:1010200084811A681AB300271F605D4B1B68F3B1F7
:10103000D8F8009009F0EAFDC8B1552009F09AFDF2
:1010400007F010FC442009F095FDB9F1000F0ED017
:1010500043F2154909F0AEFD013710B94F45F9D1FA
:1010600003E043F215439F4201D109F0CFFDD8F8C8
:101070000030F3B14B4B00221A60494B1B68B3B1EF
:1010800005F0AAFB484B10F0010F0890474A4FEAC1
:10109000500108BF1A46464805F008F8454B5B6802
:1010A0003BB1454B1720596805F07CF901E0FF235F
:1010B0000893424B1A68E2B1414F00221A603B6824
:1010C000ABB105F07FFC384B10F0010F0490374AAC
:1010D0004FEA500108BF1A463A4804F0E7FF354B83
:1010E0005B6833B1B968152005F05CF901E0FF23B6
:1010F0000493284FDFF8E89039681F2900F2E48054
:10110000254A4FF0440808FB01235B689246013BE7
:10111000082B00F2D680DFE803F00525656F8B957C
:10112000A47D900008FB01A127481C3104F0BEFFFC
:101130003868264A08FB00F80AEB0801CB68244807
:10114000042B98BF05231C31C2F80C3409F086FA31
:101150003B684FF0440808FB03A81E4BD8F80C204E
:101160001A60AEE01C4B01221A601C483EE000BF32
:101170004CC200085AC000088ECE000879C0000892
:101180002806002010000020A2C000082C25002006
:101190003406002004000020082A00204806002011
:1011A0003813002054070020BAC1000854BD0008BD
:1011B000D2C000087007002090000020E405002045
:1011C000A0000020EEC0000806C10008CC010020ED
:1011D00018C10008000600201006002027C10008E2
:1011E000580700200123A948C9F8003004F0D4F9B9
:1011F000A74804F0D1F964E0002005F021F83B682D
:101200004FF0440808FB03A8A24BD8F80C20A248D2
:101210001A60EBE7012005F013F83B684FF0440833
:1012200008FB03A89B4BD8F80C209C481A60DDE70C
:10123000022005F005F89A48D8E7032005F000F8E9
:101240009848D3E708FB01A197481C3104F02EFF12
:10125000386808FB00A01C3007F070FA04233360E4
:101260002FE008FB01A808F11C082F2140460AF0D6
:1012700058F9099008B38D494046D1F8BC20D1F8FF
:10128000C0104FF03C0B0BFB021B09F0F9FD099B52
:101290008246581C09F0F4FD8046584609F07AFD54
:1012A00078B151464246824804F000FF48EA0A21DC
:1012B00089B20F2003F050FC03E041467D4804F062
:1012C000F5FE20233B6015E07B4A136893B1591C5F
:1012D00008D16B6A73B9A36A63B1784B1B68053395
:1012E000136007E0754909688B429FBF00231360B4
:1012F00004233360D9F800307BB1714B00221A60AF
:10130000089BFF2B02D1049BFF2B06D0184606F04A
:101310002FFE694B4FF0FF321A60DFF8D481D8F806
:101320000070BFB3EB6A73B3664BD3F8C025994620
:101330004AB33B2F27D8002003F004FA03F0A8F8A3
:10134000092003F06FF8CB46FF004FF0000AD9F8F0
:1013500018309A450CD207EB0A035B4493F87F00E0
:1013600030B1222804D003F05DF80AF1010AEEE75B
:10137000282003F057F8512003F054F8562003F0CA
:1013800051F801236B624C4B4FF0FF321A6000237F
:10139000C8F800304C4B1A68002A3FD00020DFF814
:1013A0005481424F186018F8013F93B31B2830DC7A
:1013B000592B1ED006D8442B0CD04D2B1ED1BA6908
:1013C000013208E06D2B0CD0792B0FD0642B15D196
:1013D0007A6911E07A693D4913AB18440AF06EF856
:1013E00013E00D2811DCBA69013205E0FA69643AAC
:1013F000F1E7FA6902F26C723549EDE732AA10445E
:1014000000F87C3C002300F87B3C13A80AF0A9F804
:10141000C9E713A807F092F90423336032682D4F0F
:10142000002A72D0274BD3F8C01500296DD01B6855
:101430002968013B99425FD1274B1B6863B105F0D6
:10144000CBF9264B10F0010F8046254A4FEA500198
:1014500008BF1A4623480EE0234B1B68002B52D0CE
:1014600005F0B0FA1D4B10F0010F1D4A08BF1A46D7
:10147000804641081D4804F019FEB8F1130F42D907
:101480003A68A8F1140100203BE000BF34C1000815
:10149000B8C100080006002048C100085DC100086E
:1014A0007BC100088BC10008A4C100082C250020C6
:1014B000BBC10008D4C100089801002044060020E8
:1014C00058070020140C00201006002050CE000801
:1014D000ABC600082400002038130020BAC1000861
:1014E00054BD0008F6C10008A00000201BC200087F
:1014F00088010020FF190020A94BD3F8BC00D3F8C5
:10150000C01006F041FA00233B60A64B1A68002A7F
:1015100000F0B081A44AD2F8C025002A00F0AA81C8
:1015200000211960A14B1B681B7863B1A04AD5F854
:1015300068021368013383421360C0F09B8111601D
:1015400006F046FD96E16A6B002A79D0E26A002A2D
:1015500000F09081DFF878828DF84C30D8F8007078
:101560008DF84D308DF84E30002F3ED1BA46DFF861
:101570007C9207F809A03846002213A9013702F02F
:10158000DBFFB7F5AB7FF4D18A4F02F0D1FF3B68A8
:10159000894AC3F112035B0813607B68874AC3F171
:1015A00013035B0807F5AF70136009F0DAFF844B93
:1015B000186007F52D7009F0D4FF824B824A18603D
:1015C000D7F80C34042B9CBF0523C7F80C34D7F88C
:1015D0000C3403F18063013B9B0113607B4B0022C1
:1015E0001A600123C8F8003044E1784B1F680137C6
:1015F000FA071F601AD57F2F01D87B0806E0724BCF
:101600001B68DB1B7F2B00F235815B08EA687A32AE
:1016100055F822209A42099280F06A84684B1B6830
:10162000002B40F0668401E002F082FF664B1B68ED
:101630009F42C0F01F81664A00231360636319E173
:10164000236A0D2B20D8E26A1AB9626A0AB9A26A23
:10165000F2B96A6A1AB1142202FB034312E0A76AC4
:10166000B7B9042B02D1D4F8A4300CE0142000FB4D
:1016700003435849986D0A68013282420A60C0F0FB
:10168000F9800F605B6D9847AB6A002B00F0F28029
:10169000AB68012B48D1504AD4F87C111368013350
:1016A000B3EB411F13604DD34C4800231360036814
:1016B000013B052B00F2B384DFE803F0030A1118A5
:1016C000222C95F845303E2B00F2A984013313E01B
:1016D00095F84430002B00F0A284013B16E095F809
:1016E00046303E2B00F29B84013319E095F84530DB
:1016F000002B00F09484013B84F8453000F08BBC53
:1017000095F844303E2B00F28A84013384F844304B
:1017100000F081BC95F84630002B00F08084013B3E
:1017200084F8463000F077BC022B0BD11C4A2C4BBE
:10173000D2F8BC001968884204D0D2F8BC201A60E4
:1017400006F0E4FE6B68032B70D1264AD4F8CC1166
:1017500013680133B3EB411F136075D32248002394
:1017600013600368013B052B00F27E84DFE803F081
:10177000030A11404A5495F848303E2B00F2748415
:1017800001333BE095F84730002B00F06D84013BBE
:101790003EE095F849303E2B00F26684013341E08B
:1017A0002C2500203C060020140C0020BC0000204A
:1017B00068070020CC010020C00100205401002057
:1017C000E80500206C01002038060020BC01002044
:1017D00074010020640100200C060020FC0500209C
:1017E0000C00002060010020580100203C16002061
:1017F00095F84830002B00F03784013B84F84830DE
:1018000000F057BC95F847303E2B00F22D84013391
:1018100084F8473000F04DBC95F84930002B00F0BB
:101820002384013B84F8493000F043BC042B0BD1E6
:10183000A54AA64BD2F8BC001968884204D0D2F859
:10184000BC201A6006F0A0FDEB6A9BB9D4F830808A
:10185000B8F1000F0ED19E4F3B685BB14FF21802FA
:101860009C4B9D485A6103F097FE9C4803F094FE00
:10187000C7F800809A4B1A68002A00F00C810021FA
:101880001960984B1F686368013B012B00F20381CC
:10189000236C954A9F4228BF0F461368BB42934B67
:1018A0004AD019602B6917600F2B28BF0F238A338A
:1018B00055F823208E4912A802F08EFD8D4A9DF81E
:1018C00048309DF849109DF84AE012F8130012F8CC
:1018D0001110894B12F81E20187059709A70EB691C
:1018E0001B072CD51423B0FBF3FEDFF814C2BEF1A6
:1018F000000F01D14FF0010EB1FBF3F3CCF800E083
:10190000DFF800E203B90123CEF800301423B2FB64
:10191000F3F3DFF8F4E103B90123CEF80030774B9D
:101920004FF0000E83F800E083F801E083F802E056
:10193000D87019715A7102E01A6801321A60EB69A5
:10194000180737D56E496D4AD1F800C06A49137837
:10195000087863448342D4BF137010705378694A87
:101960006648D2F800E04A78734493426649D8BF8B
:101970004370624BC8BF427008685F499A788978A3
:1019800002448A42C8BF9970D978D8BF9A70B1EB27
:101990000C015A4A48BF0021D1701A795749B2EB5D
:1019A0000E025B7948BF00220A711B1A534A48BFD6
:1019B000002353716B68012B42D1002005F0D4FF46
:1019C000D4F8B431990725D5236C3C2B22D1E36997
:1019D000484A13F0040F12D04C4B19784FF000080E
:1019E00032F811108DF84C10597832F811108DF82A
:1019F0004D109B7832F813308DF84E3001E0444B97
:101A0000EBE7404613A908F1050807F013FAB8F10F
:101A10003C0FF6D1EB691A0729D5002FBBBF206C0C
:101A200036493649C019A8BF384607F003FA781E70
:101A300045BF2B6C37493749C01807F0FBF926E042
:101A4000214B0020D3F8C08005F08EFF18F001086C
:101A500010D1474506D04046274907F0EBF908F179
:101A60000108F6E7EB691B0701D5244900E022498C
:101A70003846E2E7E369180707D52649384607F0F4
:101A8000D9F92B6C01379F4201D21B49F6E72B6B2A
:101A90000BB102F011FD204B1A680AB100221A6046
:101AA00013A807F09DFB002800F04D811B4A136826
:101AB000013313601A4A9DF85130116891BBD90760
:101AC00030D5012313603EE12C25002014000020B6
:101AD00074000020000C01403CC20008B8C100089E
:101AE0006407002068010020300600200406002062
:101AF000DB170020D4BC00084C0100202006002089
:101B000050070020C40100208C0100203B00002071
:101B1000380000202306002078010020E005002086
:101B20000806002003F00103142113A8136004F039
:101B3000E7FFFF2800F00781132800F20481DFE8A7
:101B400010F0140002011D0023002F003B00410093
:101B50004B00570061009200A100A900B100BB003A
:101B6000C300DA00EA00CD00FF00E06A0121B0FA0C
:101B700080F0400908F040FE3060E4E0206808B9D9
:101B8000A64B1868013807E0A44B20681B68013B8E
:101B9000984234BF01300020012106F0B9FB09E072
:101BA000236A0BB90D2300E0013B236204F00EFC15
:101BB00006F07EFB04239CE0236A0C2B94BF0133C8
:101BC0000023F2E7964BD3F8BC201AB1D3F8BC201F
:101BD000013A0AE0172208E0914BD3F8BC20162AFC
:101BE00096BFD3F8BC2000220132C3F8BC2014E019
:101BF0008B4BD3F8C0201AB1D3F8C020013A0AE0C9
:101C00003B2208E0864BD3F8C0203A2A96BFD3F88F
:101C1000C02000220132C3F8C0200022C3F8C42033
:101C2000042333607F4B1B68002B00F08C807C4AC0
:101C3000D2F8B030A3F26C73D361D2F8B430013B68
:101C40009361D2F8B8305361D2F8BC301361D2F846
:101C5000C030D360D2F8C4309360D2F8AC30136295
:101C600006F098FD6FE094F84430002B40D0012B33
:101C70000CBF0023023B84F8443006F0F9FB04F06B
:101C8000E7FB35E094F844303E2B31D80CBF3F23BE
:101C90000233F0E794F8453053B3012B0CBF002317
:101CA000023B06E094F845303E2B21D80CBF3F2381
:101CB000023384F84530E0E794F84630C3B1012B95
:101CC0000CBF0023023B06E094F846303E2B0FD8B1
:101CD0000CBF3F23023384F84630CEE7A069524B55
:101CE000B0FA80F0FF22012140091A6006F0DEFB05
:101CF0000223336027E0A36943B14B4BFF2201214C
:101D000000201A6006F0D2FB02233360EB68002B40
:101D1000EED0013B0EE0A36943B1434BFF2201210A
:101D200000201A6006F0C2FB02233360EB680E2B22
:101D3000DED80133E36006F09BFB04F04FFBD7E7EE
:101D40003A4B01221A60DFF8009102F0EBFFD9F85C
:101D50000030002B3EF488AE354B1A683AB90122A8
:101D600034481A6003F018FC334803F015FCDFF820
:101D7000B080324BD8F8C0201B689A423EF474AE53
:101D8000D8F8BC20D8F8C0303C2000FB02302C49E9
:101D9000D8F8AC20002751F837304FEAC70E13F0BF
:101DA000800F07F1010751D08E44DEF804E0704542
:101DB0004CD1C3F3C20E03F007039E4506D1CEEB10
:101DC000020EDEF1000343EB0E0318E00BD2724566
:101DD00006D39A428CBF4FF0000E4FF0010E0DE07B
:101DE0004FF0000E0AE09A4206D9724534BF4FF018
:101DF000000E4FF0010E01E04FF0010E73462BB3C1
:101E0000D8F8AC100F48D8F8BC20D8F8C0300097EC
:101E100004F04CF947F4407136E000BF140C002088
:101E20002C250020A00000202000002058070020C2
:101E30009401002050C20008B8C100080000002032
:101E4000FC07002063C200089C010020082FA2D1DB
:101E5000D9F81490A54FB9F1000F29D008F09AFFD6
:101E600030B3B9F1010F40F06381D8F8C020A04B26
:101E70007AB9D3F8BC20D3F8BC100B2A00F21D812C
:101E8000FF2915D041F4807189B20F2002F064FE61
:101E90000EE0D3F8C0200F2A00F01681D3F8C0203E
:101EA0001E2A00F01781D3F8C0302D2B00F01881C6
:101EB000D8F8C0208F4B1A60FEF7D6BD8E4B11604C
:101EC0005B68002B3EF455AE102004F06BFAFEF771
:101ED00050BEEA680B605B08934205D00F2B88BFA9
:101EE0000F23E36006F0C4FA02233360FEF74CBE12
:101EF0000993BB084FF00008DFF830B20C93CDF81F
:101F00002880DBF800309845BFF48EAB0A9B9A46D8
:101F100003F10809D9440A9BDBF80420C3EB0A0348
:101F20009A4273D9754A1268524505D999F85621D3
:101F3000402A01D9413A00E00022714909688A45E6
:101F400005D299F8AC12402901D9413901E04FF688
:101F5000FF710C9888420AD36A4A6B491068096875
:101F600008EB0002132000FB0210002245E00C9950
:101F7000914246D3099A002A35D099F80020634847
:101F8000303A02EB42028118825C11A88DF84020A1
:101F90004A780D938DF841208A7810A98DF8422057
:101FA000099A06F0BFFB5A4A9DF844100D9B32F87F
:101FB00011108DF848109DF8451032F811108DF869
:101FC00049109DF8461032F811204F498DF84A20EB
:101FD0004C4A0968106808EB0002132000FB02104D
:101FE000002212A90AE0474A47491068096808EB2D
:101FF0000002132000FB0210099A13A9184402F0F2
:102000009BFA0AF1010A09F1010984E708F10108C4
:10201000CDF828A075E706F02BFAFFF793BB3D4BF0
:102020001A680132072A00D101221A601B683A4956
:1020300003603A48026801320D2A026008D1013378
:10204000072B0B607FF47EAB01230B60FFF77ABB9D
:102050000E2A7FF477AB013B0B600BB906230B60B4
:1020600000230360FFF76EBB2D4B1A680132072A6D
:1020700000D101221A601B682A4903602A480268BD
:1020800001320D2A026008D10133072B0B607FF467
:10209000DBAB01230B60FFF7D7BB0E2A7FF4D4AB79
:1020A000013B0B600BB906230B6000230360FFF7B5
:1020B000CBBB05F02BFCFFF7C7BB0C293FF4E2AE0E
:1020C000D3F8BC100C39DBE6BB69D9077FF5F0AE5D
:1020D0000D21D7E6BB699A077FF5EAAE0E21D1E65E
:1020E000BB695B077FF5E4AE0F21CBE69C010020C6
:1020F0002C2500200000002070070020E8050020AB
:102100006C010020C001002054010020B4C200086E
:10211000D4BC00085C010020FC0500204000002029
:10212000140600205801002048000020CC010020A7
:10213000B9F1020F7FF4BCAEFB69002B3FF4B8AEDF
:10214000D8F8C0001E49B0FBF3F203FB1203002BCA
:102150007FF4AEAE1B4B22681B68013B9A4228D12C
:10216000194B1B6863B104F037FB184B10F0010FDB
:102170000746174A4FEA500108BF1A4615480FE0B4
:10218000154B1B68002B3FF493AE04F01BFC0F4B68
:1021900010F0010F0E4A08BF1A46074641080F48C3
:1021A00003F084FF132F7FF683AEA7F11401002004
:1021B00003E0D1F8BC00D1F8C01008F0D9FA77E6F6
:1021C0002C250020140C002038130020BAC1000870
:1021D00054BD0008F6C10008A00000201BC2000882
:1021E0002DE9F04F9BB007F0B9FF031F0790132BA9
:1021F00002F2A280DFE813F0320BA010A010980AC0
:10220000A0101400650D7B0DA010A010A010AF0D44
:10221000E40E2E0FA20F6D0F2010700D950D1B0BED
:10222000BB4C94F84C30A2464F2B00F0E18515D8FA
:10223000442B00F0028507D8412B00F06985432B21
:1022400000F0918502F078B84D2B00F0A68500F2E1
:10225000B781472B00F0CF8602F06EB8612B00F0FB
:10226000A78609D8532B00F08C83542B00F0608490
:10227000522B42F061802BE06E2B00F04683742BD2
:1022800000F073866C2B42F05780022104F14D0060
:1022900002F04AFF0221064604F14F0002F044FF1B
:1022A0000221054604F1510002F03EFF02210746DB
:1022B00004F1530002F038FF964B05EB072503EBC2
:1022C000C602556043F8360003F0A8F802F034B8AF
:1022D000022104F14D0002F027FF0A2802F22C80AF
:1022E000DFE810F00F002F000B00C700CC00D1007A
:1022F0000B015B01100154016001874E0025874CE2
:1023000041E0874A0A24936843F4A0039360854B15
:1023100001221A6012A803F0ABF828B90A2002F0D3
:10232000F3FC013CF6D105E0BDF848207E4B9A80D5
:1023300006F0D2FE7C4B1120998804F033F801F0AE
:10234000FBBF774A0A24936843F4A0039360754B5C
:1023500001221A6012A803F08BF828B90A2002F0B3
:10236000D3FC013CF6D105E0BDF848206E4BDA8085
:1023700006F0B2FE6C4B1220D98804F013F801F07D
:10238000DBBF6A4C0636204606F0D8F9204603F03B
:1023900003F9674803F000F912A806F021FF304660
:1023A00006F01EFF0028FAD07379DB07F7D43DB1A1
:1023B0002946304604F0A4FBFF2801D00028EED1C6
:1023C0000135142D4ED0AB1E112B49D801A252F865
:1023D00023F000BF832300081D24000821240008E7
:1023E00025240008292400082D2400083124000891
:1023F00035240008392400083D2400084124000841
:1024000045240008492400084D24000851240008F0
:1024100055240008592400085D240008454CB1E704
:10242000454CAFE7454CADE7454CABE7454CA9E71C
:10243000454CA7E7454CA5E7454CA3E7454CA1E72C
:10244000454C9FE7454C9DE7454C9BE7454C99E73C
:10245000454C97E7454C95E7454C93E7454C91E74C
:10246000454C8FE7454806F069F904F01DFB01F083
:1024700063BF434B01221A6001F05EBF414B012252
:102480001A6001F059BF012414F0010F14BF392361
:10249000002314F0020F8DF8483014BF39230023B5
:1024A00014F0040F8DF8493014BF392300238DF840
:1024B0004A300025284612A9013506F0A1FCB5F5E1
:1024C000E77FF7D101F0F8FF4FF47A7002F01CFCBF
:1024D0004FF47A7002F018FC01344FF47A7002F075
:1024E00013FC082CD0D1002002F02CF905F00EFAD4
:1024F000254B04221A6001F01FBF022003F0A0FE4A
:1025000001F01ABF032003F09BFE01F015BF00BFCE
:1025100070070020FC0700208C0B00207DC4000801
:1025200000240140900100201800002009C3000889
:10253000B8C1000820C3000837C3000850C3000812
:1025400069C3000878C3000887C3000898C300085F
:10255000A9C30008C2C30008DBC30008F6C3000813
:1025600011C400082BC4000845C4000861C4000859
:10257000EFC20008DFC2000806C300088AC40008D2
:102580007C0100205807002024000020A94B0022D5
:102590001A6007F079FD01F0CFBEA74B01221A6047
:1025A00001F0CABE94F84F3094F85020303B1AB175
:1025B000303A0A2101FB0323A04A136001F0BCBE9C
:1025C000022104F14D0002F0AFFD0221054604F1A5
:1025D0004F0002F0A9FD0221064604F1510002F06D
:1025E000A3FD6B1E46EA00242D2B00F27781DFE865
:1025F00013F0A30EA30E2E004500750153007000CA
:102600008C0075019800AA00C000CC00D600E6003E
:10261000A30EA30EA30EF500A30EA30E0C01A30E92
:1026200015017501750175017501A30E3B003D0192
:10263000A30E7501490157015D01630169016F0135
:1026400075017501750175017C01820186017C4B64
:10265000DB6A9C4201F070860121204608F0CCF82C
:10266000784B186001F068BE754B1B6B9C4201F003
:102670006386204605F0D6F901F05EBE704B1B68FC
:102680009C4201F059860021204605F041FE6D4B29
:1026900004221A6001F050BE694B9A691D4632B19E
:1026A000694B0021FF2208461A6005F0FFFEEA6828
:1026B000634B944208D00F2C86BF0F22DA60DC6097
:1026C00005F0D6FE05F0D4FD5E4B02221A6001F043
:1026D00033BE5B4D04F002066B68033B012B05D94A
:1026E00026B1EB699F0701D405F0A4FE05F070FE4A
:1026F000EC610EB905F08AFE01236B6205F0E8FD7E
:10270000504B04221A6001F017BE4F4BFF221A6093
:1027100014B10021012001E02146204605F0C6FE4B
:10272000D2E7474B1A6A944201F006860D2C02D874
:102730001C6205F0BDFD454B00221A60414B04228E
:102740001A6001F0F9BD3E4B5A68944201F0F485DD
:10275000042C09D85C60DB699C0701D405F056FEA7
:1027600005F036FE05F022FD364B04221A6001F01A
:10277000E3BD772C324B8ABF78221C641A6402F0C6
:102780008BFE05F003FD01F0D7BD762C2C4B8ABFE4
:102790000022DC63DA6305F0E9FC01F0CDBD284DD1
:1027A0002B699C4290D00F2C86BF0F232B612C618C
:1027B00005F0ACF82B696B6105F008FD84E7204B50
:1027C0009A68944201F0B885022C01F2B5859C60AC
:1027D00005F0C0FE05F05CFD01F0AEBDE005E5B220
:1027E00048BF6D4229461A4803F060FC05F10C030E
:1027F000182B01F2A185174B5A69954201F09C856F
:102800005D6103F04FFE01F097BD134B5C6004F077
:10281000A5F8124B01221A6001F08EBD104B1C600E
:1028200003F0C2FF0F4A012313600F4A136001F047
:1028300083BD00BF4C00002010060020880100204E
:102840009417002024000020200000203C060020D7
:1028500097C4000878000020A0000020E4050020B4
:10286000900000204806002054070020102C9E4BAA
:102870008ABF1022C3F86842C3F8682205F0DCFB67
:1028800001F05ABD994B214699489C6003F00EFC1B
:10289000A1B2062002F060F902F04EF901F04CBD41
:1028A000924BDC6002F034F901F046BD8F4B1C61A5
:1028B00002F01AF901F040BD8C4B5C6102F004F9A2
:1028C00001F03ABD894B9C6102F0EEF801F034BD95
:1028D000864BDC6102F0D8F801F02EBD2246294675
:1028E000844803F0E3FB01F027BDA1B20F2002F002
:1028F00033F901F021BD804B1C6001F01DBD7F4B01
:102900001C6008F027F901F017BD022104F14D0009
:1029100002F00AFC0221064604F14F0002F004FC1A
:102920000221054604F1510002F0FEFB1EB1012E0A
:1029300014D001F001BD3F2D01F2FE840F2801F2F9
:10294000FB84694B7A3543F8250005F09BFB05F0C5
:102950008FFD6B4B02221A6001F0EEBC3F2D01F29D
:10296000EB840F2801F2E8845F4B8A3543F8250099
:1029700005F074FB04F0CAFF614B02221A6001F0FB
:10298000DBBC022104F14D0002F0CEFB0B2801F26A
:10299000D384DFE810F01200D10CD10CD10C1A0056
:1029A0002A0037000F000C007B0084009600554B76
:1029B0002E2152E0534B2E2136E0534805F0BEFE47
:1029C0004F4B04221A6001F0B7BC4F494F4808F042
:1029D000C0FD4F4B1B68002B01F0AE8410224B4909
:1029E000AA2007F055FE01F0A7BC2022464949481D
:1029F00008F0D4FD2022474940F2471007F048FE76
:102A000001F09ABC20224049434808F0C7FD404BE2
:102A10001B68002B01F0908420223F4940F2671090
:102A200007F036FE01F088BC13F8012F1AB12C2AEA
:102A300008BF1970F8E708223349384808F0AEFD9E
:102A4000334B1B68002B01F077840822334940F296
:102A5000871007F01DFE01F06FBC13F8012F1AB1AB
:102A60002C2A08BF1970F8E7082227492C4808F0DB
:102A700095FD274B1B68002B01F05E840822284936
:102A800040F28F1007F004FE01F056BC3F221E49B1
:102A9000244808F083FD06F0CDFD01F04DBC3F2237
:102AA0001949214808F07AFD194B1B68002B01F0E9
:102AB000438440221C4940F23F2007F0E9FD01F029
:102AC0003BBC05221049194808F068FD064900235F
:102AD00081F87132062201F51B7140F2A57007F0F2
:102AE000D7FD01F029BC00BF941700209C010020F5
:102AF000AAC40008C4C4000804000020082A00205A
:102B000024000020BE070020BF070020780000201E
:102B1000D8110020E4120020051300202613002005
:102B20002F1300205825002098250020001A00208F
:102B3000022104F14D0002F0F7FA002841F0FC8375
:102B400094F84F206421A2F1300394F85020CA4D2C
:102B5000303A4A434FF47A7101FB032294F8511042
:102B60000A23303903FB012194F85220303A0A44F9
:102B700094F85310EA61A1F1300094F8541002F275
:102B80006C72303903FB001194F85500A961A0F173
:102B9000300694F856000131303803FB060094F8F3
:102BA00057606861A6F1300794F85860303E03FB27
:102BB00007662E6194F85960A6F1300794F85A60C0
:102BC000303E03FB0766EE6094F85B6094F85C406F
:102BD000303E303C03FB0643AB6002F0C9FAA74B22
:102BE00028621B682C460BB105F0D4FDD4F8BC104C
:102BF0002269A14B914204D1D3F8C010DB689942FD
:102C000002D09F4B04211960E36903F26C73C4F88E
:102C1000B030A3690133C4F8B4306369C4F8B83084
:102C2000236AC4F8AC30E368C4F8BC20C4F8C030F0
:102C3000A368C4F8C43001F07FBB022104F14E0048
:102C400002F072FA94F84D500746432D41F0748318
:102C5000022104F1500002F067FA0221C5B204F12A
:102C6000520002F061FA0221C6B204F1540002F0EF
:102C70005BFAC0B2AFB93F2D28BF3F253F2E814B35
:102C800028BF3F263F2828BF3F2083F8445083F8C1
:102C9000456083F8460005F0EBFB05F05DFB01F0B5
:102CA0004BBB012F1BD13F2D28BF3F253F2E754B1E
:102CB00028BF3F263F2828BF3F2083F8475083F88E
:102CC000486083F8490083F84A5083F84B6083F8E2
:102CD0004C0004F01BFE05F0A3FA01F02DBB022FFF
:102CE00041F02A833F2D28BF3F253F2E654B28BF4B
:102CF0003F263F2828BF3F2083F84D5083F84E6081
:102D000083F84F0005F03CFC05F070FA01F014BBAD
:102D1000022104F14E0002F007FA94F84D600546D6
:102D2000442E11D0462E41F00783022104F15000B9
:102D300002F0FAF9534A142303FB052318662846C8
:102D400005F0F4F901F0F8BA022104F1500002F0A4
:102D5000EBF94C4A142303FB05239865284605F03C
:102D6000E5F901F0E9BA022104F14E0002F0DCF9C4
:102D700094F84D600546442E41F0DE82022104F1B4
:102D8000500002F0D1F93F4B03EB0513C3F86C017F
:102D9000284605F0AFF901F0CFBA022104F14E0048
:102DA00002F0C2F994F84D600546442E11D0462E2B
:102DB00041F0C282022104F1500002F0B5F9314B1A
:102DC00003EB0513C3F8A401284605F06FF901F0E1
:102DD000B3BA022104F1500002F0A6F9294B03EB2B
:102DE0000513C3F89C01284605F060F901F0A4BA68
:102DF00004F14E00022102F097F994F84D50044678
:102E0000A5F14303162B01F29782DFE813F050007F
:102E10004100950A9300950A950A2600950A950A9D
:102E2000950A950A8000950A950A950A950A5F0009
:102E30001700950A950A950A950A6E000221124814
:102E400002F072F9114A13689C4281F075824423A2
:102E500003FB0424606001F06FBA02210A4802F00B
:102E600063F90A4A13689C4281F06682442303FB9B
:102E70000424A06001F060BA2C250020A0000020EE
:102E80002400002094170020C0070020082A0020FA
:102E90000221C44802F048F9C34A13689C4281F0F9
:102EA0004B82442303FB0424E06001F045BA022175
:102EB000BC4802F039F9BC4A13689C4281F03C825C
:102EC000442303FB0424206101F036BA0421B548F1
:102ED00002F02AF9B44A13689C4281F02D824423FF
:102EE00003FB0424606101F027BA0221AD4802F01F
:102EF0001BF9AD4A13689C4281F01E82442303FBF8
:102F00000424002808BF0120A06101F015BAA64DD5
:102F10002B68984281F0108244235C4328192022B8
:102F2000A0491C3008F03AFB2C44002384F83C30C4
:102F300001F002BA9C4D02219A4802F0F5F82B6884
:102F40009C4206D2442303FB04531864204607F036
:102F5000C3FD964BD3F8B0102B689C4281F0EC81F6
:102F6000204607F063FD01F0E7B9022104F14D00AE
:102F700002F0DAF80221064604F14F0002F0D4F81C
:102F80000221054604F1510002F0CEF80221074665
:102F900004F1530002F0C8F8854B05EB072503EB5D
:102FA000C602556043F8360007F0ACFE01F0C4B924
:102FB000022104F14D0002F0B7F80221064604F1A7
:102FC0004F0002F0B1F80221054604F1510002F071
:102FD000ABF80221074604F1530002F0A5F8754B47
:102FE00005EB072503EBC602556043F8360007F0F2
:102FF00089FE01F0A1B994F84D30532B00F01082F6
:10300000542B41F0998194F84E30732B41F0948108
:10301000DFF8B081684F694E0025D8F80C20791987
:103020000AA805F07FFB664C9DF82820AB1934F800
:103030001220AA559DF82920033534F81220152DA9
:103040005A709DF82A2034F812209A70E5D15D4B11
:103050005D49DA680AA805F065FB9DF828205B4BFE
:1030600034F812201A709DF8292034F812205A7072
:103070009DF82A2034F8122000249A70544B1C70BA
:103080005C709C70204600225149013401F054FAD2
:10309000B4F5AB7FF6D140F24514204600224B49EF
:1030A000013401F049FAB4F5A87FF6D1494D0D2657
:1030B00000274FF07C080024A6F10B002F606F6002
:1030C000AF602246414901F037FA85F8008030466A
:1030D00022463E4901F030FA40F2631313369E4215
:1030E00085F80B8005F10C05E5D13B4E07233268CE
:1030F0003A4DB2FBF3F3C3EBC303D31A384A85E866
:103100001800D35CA946C3F10202AA60C3F10C0304
:10311000022293FBF2F30120EB6003F02FFA32233B
:103120000493012303940293089601F001FA2D4DB4
:10313000002607F013F809280DD195F84C30472BDD
:1031400009D195F84D30542B05D1264B93F84E30CC
:10315000712B08D142E10A2001F0D6FD049B013613
:103160009E42E6D162E06D2B57D007D8642B51D038
:103170006C2B5BD1194EF568013D07E0722B02D034
:10318000752B31D052E0154EF56801352A46B168ED
:10319000706803F0BBF90028C7D0002003F0EEF9F7
:1031A000F56033E0C0070020082A00202C2500200D
:1031B000382900207C290020B1C60008BA1400205C
:1031C000D4BC000894170020D2C200084308002095
:1031D0003C130020DC11002050010020401300208F
:1031E000D8C2000870070020844B5D68DA68032DA0
:1031F00014BF013500259968284603F087F9002897
:1032000093D0002003F0BAF97C4B5D60012003F0FD
:10321000B5F98AE703F0F0F987E703F0EDF928B193
:1032200001F086F9322001F06FFDF6E703F0E4F9D2
:1032300000287FF47AAF714A714FD3681168069302
:10324000536801F1010B03EB810396686D490C2271
:1032500001EB830A02FB06F35FFA8BFB05934FF049
:103260000108069B08FA00FEC518059B5919394448
:1032700000231AF803C01CEA0E0F0AD006EB030C59
:10328000BCF1110F05D80B2D9CBF02FB03FC01F80C
:103290000CB00133042BECD101300428E1D100271C
:1032A000102501263146284603F01EF9002849D092
:1032B00001360B2EF6D1544B4FF00C0808FB0533AA
:1032C000A84613266E430593F31C0693B8F1000F2E
:1032D00029D0DDF818A0DDF814B001261BF8012F65
:1032E00031468BF80C204046099203F0FDF838B1C6
:1032F000099A464B511E01EB41010022194401E09D
:10330000024643495046013601F016F90B2E0AF1E8
:10331000010AE3D1059B08F1FF380C3B0593069B9E
:10332000133B0693D2E70326354B3046334403F86C
:10333000028C00223649013601F0FEF80D2EF3D141
:103340000137013515F1FF35ABD217B3022F05D088
:10335000032F05D0012F06D1282306E0642304E0C3
:103360004FF4967301E04FF49663029A03FB024414
:10337000039B3B44092B039309D9029B013302931E
:10338000049B092B84BF053B04930023039301F0A6
:10339000CFF8089B01201A680723B2FBF3F3C3EBB5
:1033A000C303D31A0022C9F804201A4AC9F800300E
:1033B000D35CC3F10202C9F80820C3F10C03022256
:1033C00093FBF2F3C9F80C3003F0D8F809F10400CC
:1033D00007C803F09BF800287FF4A7AEC82001F0CF
:1033E00093FC22460C4912A808F068F812A805F0D0
:1033F000A5F90A4B04221A6000F09EBF401300207A
:10340000DC11002091CE0008D0110020BA14002059
:103410003C130020D8C20008EAC4000824000020A1
:1034200094F84E30732B40F08787AC4DAC4E284655
:10343000F268AC4905F076F9AB4C2A78AB4B34F81E
:103440001220AB491A706A78DFF8C0B234F8122043
:103450005A70AA78A74D34F8122028469A70F2685C
:1034600005F060F92A78A44B34F812201E211A7056
:103470006A78012034F812205A70AA7834F81220A1
:103480009A709E4A00231370537093709C4A136085
:103490009C4B029219609C49039308600023FF2013
:1034A000002203EB0B0188540132132AFBD11333A2
:1034B000B3F5AB7FF4D1954B0024944A83F83B409D
:1034C000FE2382F82830924B03221A70914B02257A
:1034D0001D70914B20461D6003F0A4F8012003F0FD
:1034E000A1F8284603F09EF82046002283490134C3
:1034F00001F022F8B4F5AB7FF6D10326844B1D789A
:10350000844BA9461C7827464FF0130808FB09F3A3
:103510000022D8197549049301F00EF8049B5B440E
:10352000DB5D032B0CD8DFE803F00205080A09F184
:10353000FF3905E009F1010902E0013F00E0013730
:1035400008FB09F0714B0344DB5DFE2BDCD13844F2
:103550000022664900F0F0FFDFF8C491DFF8C48173
:10356000002717F8090017F808304FF0130E002253
:1035700061490EFB0030013700F0DEFF032FF0D170
:1035800000F0D6FF654F4FF00008039B1B6898457D
:1035900032D206F0E3FD09281BD19AF84C30472BB4
:1035A00017D197F84D30532B13D15C4B93F84E3015
:1035B000712B00F0A38604D8642B18D06C2B0ED08E
:1035C0001AE0722B0ED0752B16D1711E4E424E4151
:1035D00012E00A2001F098FB08F10108D5E7032E5C
:1035E00015D11AE0022E00F06886032615E0002EA1
:1035F00000F08486012608E0022E09D0032E0CD0AC
:10360000012E02D0013D6A1C04E0013506E00226CD
:10361000013C631C00F0728600E00134112D00F3C0
:103620006D86122C00F36A86384B132202FB05329A
:103630001319125DFF2A40F06186354A022E15707B
:10364000344A147006D0032E06D0012E14BF012276
:10365000002202E0032200E002221A700020304B18
:103660001B5C9D4204D12F4B1B5CA34200F02886BB
:1036700001300328F3D11327BC46244B07FB053345
:103680001B5D032B0CD8DFE803F0020407096A1E58
:1036900000E06A1C234605E0631E02E0631C00E0B4
:1036A00023462A460CFB02F00BEB000101EB030E54
:1036B000C95CFE2902D01C461546DEE7FF22134FE7
:1036C0008EF80020132202FB0575184429550022AC
:1036D0000A4900F031FF00F000BE00BF680800207A
:1036E00094170020AEC60008D4BC00084008002093
:1036F000D5C20008460800205C08002070080020A1
:10370000500800207C08002054080020641300208A
:103710008108002080080020600800207007002039
:103720000C0C0020040C00200A220AA9434807F0D0
:103730009FFE434B434A5B6902444FF4616101FBC6
:1037400003231AAC44F8203D204607F0B1FB03697F
:103750000546DA1E052A40F2C785022B0CD1826984
:10376000C3689B1A182B14DD002A40F0BD858368BE
:10377000012B00F3B9850CE0092B0AD18269C368DB
:103780009B1A182B40F3B0851AB98368022B40F3BB
:10379000AB852D4C6B69E3612B69A361EB686361B9
:1037A00029696A69E86802F26C72013101F0E0FC93
:1037B00020622B6AA362AB6823616B68E3602B68AD
:1037C000A360224B1B680BB104F0E4FFD4F8BC10DB
:1037D00022691D4B914204D1D3F8C020DB689A4284
:1037E00004D002F003FE1A4B04221A60E369194A5E
:1037F00003F26C73C4F8B030A3690133C4F8B43079
:103800006369C4F8B830236AC4F8AC302369C4F8DB
:10381000BC30E368C4F8C030A368C4F8C430D4F83E
:10382000C430C3F56E630C33136000F085BD012214
:103830000021094805F08CFE00F07EBDBC07002089
:10384000780000208081557C2C250020A0000020DD
:103850002400002010000020F6C40008B24AB3493A
:103860000AA807F02BFEB049B14802F01FFC01F096
:103870008BFE0021084602F095FDAE4B0120196831
:1038800002F090FDAC4BAD4DD988AD4C1D2002F03F
:1038900089FD2968022002F085FDE16A032002F01B
:1038A00081FD216B1E2002F07DFD2168042002F0C5
:1038B00079FD02F093FDE169072002F073FDA16933
:1038C000082002F06FFD02F081FD61680B2002F01C
:1038D00069FD216C0C2002F065FDE16B0D2002F00A
:1038E00061FD984E21690E2002F05CFDA1680F2059
:1038F00002F058FD7188102002F054FDB1881120AB
:1039000002F050FDF188122002F04CFD8E4B132086
:1039100059690029BDBF494289B241F4807189B219
:1039200002F040FD894B1420196802F03BFDA968A4
:10393000152002F037FD6968854D162002F032FD32
:103940006968172002F02EFD2968182002F02AFD70
:10395000D4F868121F2002F025FD7E49012002F0F4
:1039600011FD7549022002F00DFD7749042002F097
:1039700009FD7949052002F005FD7849062002F08D
:1039800001FD7749072002F0FDFC7649082002F08E
:10399000F9FC7549092002F0F5FC74490A2002F08F
:1039A000F1FC73490B2002F0EDFC654D02F01EFDA9
:1039B00002F04EFD6F49012002F036FD6E490220F3
:1039C00002F032FD2E460024326D21466B4802F093
:1039D00045FDB26D21466A4802F052FDF26D214666
:1039E000684802F04DFD326E21466748013402F00E
:1039F00047FD0E2C06F11406E6D1514E0024D6F8F0
:103A000068212146614802F029FDD6F86C21214643
:103A10005F4802F035FDD6F8702121465D4802F07E
:103A20002FFDD6F8742121465B48013402F028FDB1
:103A3000032C06F11006E2D10024D5F89821214686
:103A4000564802F00BFDD5F89C212146544802F05F
:103A500017FDD5F8A0212146524802F011FDD5F8F6
:103A6000A42121465048013402F00AFD052C05F13D
:103A70001005E2D14D4E2E20354655F81C1B02F0A4
:103A800091FC3746002433689C4280F0A38055F8AF
:103A9000182C2146464802F0F3FC3B689C4205D2B4
:103AA00055F8142C2146434802F0EAFC33689C4246
:103AB00005D255F8102C21463F4802F0E1FC33684E
:103AC0009C4205D255F80C2C21463C4802F0D8FC0B
:103AD00033689C420BD235F8083C394A0093394987
:103AE000234612A807F0EAFC12A802F031FC336862
:103AF0009C4205D255F8042C2146334802F0C0FC04
:103B000033689C4204D22A462146304802F0A6FC83
:103B100033689C4204D26A6A21462D4802F0B0FC08
:103B200001344435AFE700BFAC070020FEC40008F5
:103B300004C50008D81100202C250020A00000207A
:103B4000941700201800002078000020381300206F
:103B50009000002026BE0008E4120020051300207B
:103B6000261300202F130020582500209825002020
:103B7000001A0020DB170020E11700201CC50008F8
:103B80001FC5000822C5000825C5000828C5000873
:103B90002BC500082EC5000831C5000834C5000833
:103BA00037C500083AC500083DC50008082A0020AE
:103BB00040C5000843C5000846C5000849C50008BF
:103BC0004CC500084FC500085AC500085DC500086F
:103BD00060C50008B74D002405EBC4035B6855F8C9
:103BE0003420B5490192C3F307220092DBB222468A
:103BF00012A807F063FC013412A802F0A9FB082CFC
:103C0000EAD1AE4D002405EBC4035B6855F83420BF
:103C1000AB490192C3F307220092DBB2224612A8FD
:103C200007F04CFC013412A802F092FB082CEAD1F8
:103C3000A44CA549002004F0FDFDA449012004F096
:103C4000F9FD2168202002F0ADFB6168212002F01F
:103C5000A9FBA168222002F0A5FBE168232002F065
:103C6000A1FB2169242002F09DFB6169252002F05F
:103C700099FBA169262002F095FBE169272002F05B
:103C800091FB934D002405EBC4035B6855F8342089
:103C900090490192C3F307220092DBB2224612A898
:103CA00007F00CFC013412A802F052FB082CEAD1F8
:103CB00001F06AFC0AA804F041FD874B04221A6057
:103CC0003AE38649864802F0F1F9844804F036FD6B
:103CD000814B04221A602FE38049824802F0E6F902
:103CE0007E4804F02BFD7C4B04221A6024E37E4BBB
:103CF00012A993F84C2093F84D307C488DF8493048
:103D000000238DF848208DF84A3002F0CFF9784B27
:103D100012A91A68774B7848C3F80C2406F09EFC69
:103D20000AE3714B12A993F84C2093F84D30734875
:103D30008DF8493000238DF848208DF84A3002F084
:103D4000B5F96B4B12A91A686A4B6B48C3F80C247F
:103D500006F084FCF0E26A4D6A4CD5F800800295CA
:103D6000DFF8C8B1DFF8C8A1674DB8F1000F0DD07A
:103D7000D4F80090DBF80070DAF80060574CDFF8F8
:103D80009CA1DFF8A0B1DFF86C8149E00221534823
:103D900001F0CAF9574E8146306002215B4801F0BC
:103DA000C3F9042107467060594801F0BDF90421A8
:103DB0002060584801F0B8F90421CBF800005648BB
:103DC00001F0B2F9554B07FB09F1C3F80080544AE2
:103DD000544BCAF800001160C5F80080C3F8008099
:103DE000B9F1000F00F0CE80002F00F0CD8000224E
:103DF0004D48114605F0ACFB0120C6E02A684A4553
:103E000012DAB2F5AB7F0ADA3F4B511C196020463B
:103E10000221039201F088F9039A4244107202349D
:103E20002278002AEAD127E0DAF80020BA420FDA35
:103E3000B2F5AB7FF3DA511CCAF80010204602211C
:103E4000039201F071F9039A424482F85E01E6E7B9
:103E5000DBF80020B242E2DAB2F5AB7FDFDA511CC8
:103E6000CBF8001020460221039201F05DF9039A7D
:103E7000424482F8B402D2E7184B9C420AD0274A47
:103E8000296812684F441144264A3E4412680A4485
:103E90009642ACD122492A68086800210E46154C8A
:103EA000904247DDB2F5AB7F44DA01321119CE7191
:103EB0000121F5E73829002063C500087C2900208E
:103EC00075C500089C0100207C190020BC19002049
:103ED000FC07002087C5000824000020BC07002044
:103EE00099C50008AEC5000870070020CCC50008C1
:103EF00000060020CC010020E4C50008F6C500083B
:103F000084080020740800204C080020BE07002010
:103F1000C0070020C4070020C80700206C0800204C
:103F2000880800205808002058C1000878080020A0
:103F30006408002001B12A6000210E469D4A9E4C73
:103F40001368984208DDB3F5AB7F05DA0133191920
:103F500081F85D610121F4E701B1136000210E4693
:103F6000964A954C1368984208DDB3F5AB7F05DAA5
:103F70000133191981F8B3620121F4E701B113602B
:103F8000022002E0484600E03846029B029A1B6885
:103F90000133136030B98A4801F0FEFA894801F014
:103FA000FBFAC9E1022840F0C781874B01225A631E
:103FB000864B1A68864B1B681344864A1360BBE124
:103FC0000221854801F0B0F802210446834801F03F
:103FD000ABF8122C024638D1132836D10221804882
:103FE00001F0A2F87F4B7F280146186029D80221F2
:103FF0007D4801F099F87D4C022120777C4801F042
:1040000093F8022160777B4801F08EF8022120604E
:10401000794801F089F80221A060784801F084F81D
:104020000221E060764801F07FF802216061754866
:1040300001F07AF80122A0617349744805F088FA0A
:104040007AE1734802F032F876E12146714802F0D5
:104050002DF871E10221604801F066F80446022162
:104060005E4801F061F8614D04EB44062E4486F889
:104070003E0402215A4801F057F8022186F83F0415
:10408000594801F051F8574B621C1B6886F84004F0
:104090009A4209D2604912A807F010FA002212A928
:1040A0005A4805F055FA47E1474B2A68196891428A
:1040B00003D300221A6004F01BF92A685749013A19
:1040C00012A807F0FBF9012212A9554805F040FAA1
:1040D00032E10221404801F027F80446434DDFF861
:1040E0005481EF684FEA8009002606F12700BE429E
:1040F00008EB400008D0022101F016F806EB090396
:104100002B4498770136F0E7AA68631C9342454A2E
:10411000126809D2444912A807F0D0F9002212A966
:10412000424805F015FA07E13C4912A807F0C6F924
:10413000012212A93E4805F00BFAFDE002212648B3
:1041400000F0F2FF02210446244800F0EDFF274D65
:10415000DFF8E08005EBC403AF6983F85E024FEA45
:10416000C409002606F12800BE4208EB400009D031
:10417000022100F0D9FF06EB0903C0B22B4483F8FB
:104180005F0280B96A69631C93420ED2174A2649BE
:10419000126812A8013A07F091F9002212A92048EA
:1041A00005F0D6F9C8E00136DCE7074B186802F0E5
:1041B000B9FBC1E06C080020CC01002058080020A9
:1041C00017C60008B8C10008941700204406002054
:1041D0000006002098010020BC070020BE07002038
:1041E000C00700208C080020C2070020140C00200B
:1041F000C4070020C6070020C8070020CA07002007
:10420000CC070020CE0700207AC600082AC6000886
:1042100032C6000851C60008ABC6000875C60008C3
:104220007CC60008100C002081C6000889C6000862
:104230008EC60008700700200221414800F074FF7C
:10424000022104463F4800F06FFF3F4DDFF8248114
:1042500005EBC403AF6983F87E004FEAC40900266A
:1042600006F12800BE4208EB400009D0022100F010
:104270005BFF09EB0603C0B22B4483F87F0078B9DB
:104280006A69631C93420DD2304A3149126812A800
:1042900007F014F9002212A92E4805F059F94BE055
:1042A0000136DDE72C4801F077F92C4801F074F96C
:1042B000254B0122C3F8C0253EE00026FFF7A2B936
:1042C000029B1A68264B1B681344029A1360254A06
:1042D00013680133136002F0A5F9224B1B68B3F594
:1042E000A97F7FF60BA919E0129B204603F56163B5
:1042F000129306F0DDFD0546FFF74BBAC82000F02B
:1043000003FD029B18491A6812A807F0D7F812A8F3
:1043100004F014FA154B04221A600DE0039B1B688D
:104320000A2B7FF6BBA80E490A3B0A6801320A60D5
:104330000F4A1360FFF7B2B807981BB0BDE8F08FC3
:10434000BC070020BE070020140C0020100C002029
:1043500081C600088EC6000893C60008B8C10008D0
:104360005408002060080020A3C600082400002094
:104370007C0800207007002010B50B490B680A4A22
:10438000002BFBD0094B0A4C1868411C2029205CEB
:10439000196004BF00211960C0B272B61368013BF6
:1043A000136062B610BD00BFE40800209008002032
:1043B000F0080020074A02F5AB7112F8013F980798
:1043C0004CBF43F0040323F004038A421370F4D17A
:1043D000704700BF3B1600200B7810B553430F24E5
:1043E000B3FBF4F3DBB203700C7814B10BB9012307
:1043F00003704B780F245343B3FBF4F3DBB24370E9
:104400004C7814B10BB9012343708B785A430F23B6
:10441000B2FBF3F2D2B282708B7813B10AB90123E6
:10442000837010BD10B5174B00EB4000184490F995
:10443000403490F83E14002B90F83F440EDD1322D8
:1044400002FB0141104A114413F1FF3305D311F867
:10445000012F42F002020A70F6E710BD10D01322BD
:1044600002FB0141094A0A440133012B02F1130204
:1044700006D012F8131C41F0020102F8131CF3E7F6
:1044800010BD00BF140C00203B1600203C1600207D
:10449000084B10B503F5AB70012413F8011F01F0B0
:1044A0000201002901F0FF0218BF224683421A7060
:1044B000F3D110BD3B160020034B1B6B1BB14FF417
:1044C000E77004F0C7BC70479417002070B506462B
:1044D0000D464FF4AB7420463146013404F090FC95
:1044E000B4F5E77FF7D11DB1BDE87040FFF7E4BF39
:1044F00070BD000007B50C4A0C4B117833F8111051
:104500008DF804105178927833F8111033F8123086
:104510008DF80510014601A88DF80630FFF7D6FF8B
:1045200003B05DF804FB00BF98000020D4BC000875
:104530004FF4AB7004F08EBCB0F5AB7F70B516468F
:1045400018D2C0F5AA7513240135B5FBF4F004FBAD
:104550001053122413F0010F03BF5C43231A03F11D
:10456000110004FB030004F04BFC1EB1BDE87040D9
:10457000FFF7DEBF70BD000030B5694985B04B6AFA
:104580003BB300234B628B62664B14221C78664857
:10459000B4FBF2F20AB904B1012202605878142285
:1045A000B0FBF2F2614D0AB900B101222A609A789B
:1045B0001423B2FBF3F35E4D0BB902B101232B6060
:1045C0005C4B00251D705D709D705B4B1C705870BE
:1045D0009A708C6A002C40F0A180534B1A68BAB1D3
:1045E000554803789A4202D89B1A037001E00BB138
:1045F000047001234F484B4C057824782A44A2428A
:1046000001D8027002E0A54203D00470012300E04B
:104610001346464A1268BAB1474C6078824202D8C3
:10462000801A607002E010B10023637001234148DA
:104630003C4C457864782A44A24201D8427002E09A
:10464000A54201D044700123394A1268BAB13A4CEC
:10465000A078824202D8801AA07002E010B1002334
:10466000A370012333482F4C8578A4782A44A242B2
:1046700001D8827007E0A54201D0847003E013B92D
:1046800001238B624AE0274A2C4B11782C4D33F8DA
:10469000111000248DF804105178927833F811101D
:1046A00033F812208DF805108DF80620214A117874
:1046B00033F811108DF808105178927833F81110F2
:1046C00033F812208DF809108DF80A201A4A117853
:1046D00033F811108DF80C105178927833F81110CE
:1046E00033F812308DF80D108DF80E30635D022B0B
:1046F00002D1002202A908E0012B02D1002203A965
:1047000003E0032B04D1002201A92046FFF714FF88
:104710000134B4F5AB7FE9D1FFF70AFF05B030BD36
:10472000941700203B000020A0080020D0080020A3
:1047300098080020D80800209C080020D4BC00085D
:104740003C16002073B5244B06461A680AB90126A8
:104750001E60224A224B1178002433F81110214D9B
:104760008DF804105178927833F8111033F8123024
:104770008DF805108DF806308DF800408DF8014059
:104780008DF8024015F8013F03F0020303F0FF0229
:1047900043B1002201A92046FFF7CEFE2B7843F05B
:1047A000010306E069462046FFF7C6FE2B7823F09A
:1047B00001030134B4F5AB7F2B70E3D10A4C2EB169
:1047C00063681BB90120FFF795FE01E0FFF7B0FE1B
:1047D0000123A36202B070BDEC0800203B00002062
:1047E000D4BC00083B1600209417002010B5054CDF
:1047F000636A1BB100206062FFF7A4FF0123A3627C
:1048000010BD00BF9417002073B50546144A154B20
:104810001178002433F81110134E8DF804105178DC
:10482000927833F8111033F812308DF805108DF8A6
:1048300006308DF800408DF801408DF80240A25DF1
:1048400020462A401ABF002201A969460134FFF719
:1048500073FEB4F5AB7FF2D1FFF76AFE02B070BD14
:104860003B000020D4BC00083C160020F8B57E4C6C
:104870007E4D636A5BB106F0A3FC7D4B0340002BC9
:10488000BEBF03F1FF3363F0030301332B602B68DA
:10489000032B00F2E780DFE803F0023772A8636AB7
:1048A000714A23B1002353629362724A1360A26A71
:1048B000002A40F0D7806F4B1868122856D86E4EE9
:1048C000471CB6461F6093190021151A6C188F42B9
:1048D000744404D814F8014C14F0010F02E0A47CD5
:1048E00014F0020F1C7801F1010114BF44F004041C
:1048F00024F0040413291C7003F10103E6D11332E0
:10490000B2F5AB7FDFD12CE0636A574A23B10023B5
:1049100053629362594A1360A26A002A40F0A2804F
:10492000564B1868122821D8461C534F1E6014306D
:10493000D4192346314612291BD8655C15F0010FA6
:104940001D7801F1010114BF45F0040525F00405AF
:1049500081421D7003F10103EDD11332B2F5AB7F3B
:10496000E6D10420BDE8F840FFF74EBF0123A36263
:10497000F8BD651815F8135C15F0020FE0E7636ADF
:10498000394A23B10023536293623D4A1360A26AFD
:10499000002A67D13A4B1D68B5F5AB7FE6D205F129
:1049A000130635481E6002F11304131827189642A7
:1049B000A3EB050104D811F8131C11F0010F03E05B
:1049C00091F8431111F0020F197803F1010314BF9C
:1049D00041F0040121F0040103F8011CBB42E6D1BF
:1049E000B4F5AB7F2246DED1BBE7636A1E4A23B132
:1049F000002353629362234A1360A36A93BB214B43
:104A00001868B0F5AB7FB1D240F2691C00F1130217
:104A1000194C1A60A0F5AB7E1322A2F113030EEB22
:104A200002012344214417191618B6F5AB7F04D2AE
:104A300091F8565115F0010F02E00D7815F0020FB4
:104A40001D7803F1010314BF45F0040525F00405AA
:104A500003F8015C9F4201F10101E6D11332624586
:104A6000DBD17EE7F8BD00BF94170020C808002006
:104A700003000080DC0800203C160020E80800202D
:104A800010090020D408002007B5064B02A9DB69F5
:104A9000012201F8043D40F2872005F0F9FD03B042
:104AA0005DF804FB9C01002007B5064B02A99B6939
:104AB000012201F8043D40F2862005F0E9FD03B033
:104AC0005DF804FB9C01002007B5064B02A95B6959
:104AD000012201F8043D40F2852005F0D9FD03B024
:104AE0005DF804FB9C01002007B5084B02221B69FE
:104AF00001A98DF8043040F283201B0A8DF805309F
:104B000005F0C6FD03B05DF804FB00BF9C0100206A
:104B100007B5084B0222DB6801A98DF8043040F28A
:104B200081201B0A8DF8053005F0B2FD03B05DF859
:104B300004FB00BF9C01002007B5064B02A99B683F
:104B4000012201F8043D4FF4207005F0A1FD03B0EF
:104B50005DF804FB9C0100202DE9FF417E238DF8C8
:104B60000430FF238DF8053006230A0A8DF806303D
:104B700000238DF809208DF807008DF808308DF896
:104B80000A10012201AD515D01320B44072A9BB28C
:104B9000F9D15B429BB21A0A8DF80C30144EEF2308
:104BA0008DF80D30002334469C461249DFF84CE066
:104BB00011488DF80B2015F8038032681F2AFCD8A5
:104BC0000F687A1C1F2A0A600EF8078088BFC1F898
:104BD00000C072B622680132226062B602680133F8
:104BE00042F080020A2B0260E5D104B0BDE8F081FA
:104BF000A4080020E00800200C480040A80800207D
:104C000038B5224C40F22551204603F0F5FEB8B1EC
:104C10004FF6DF7323801E4BA288196892B21F29BA
:104C20000ED81C491C4D0C68D2B2601C1F282A5596
:104C300088BF0022086088BF0A601A6801321A60C3
:104C4000124C40F22771204603F0D6FEE8B14FF631
:104C50007F73124A2380136893B11149114C0B687A
:104C6000581C2028086008BF0020E35C08BF0860CB
:104C70001168DBB201391160044A9BB2938038BDE0
:104C8000094A136823F08003136038BD00480040D0
:104C9000E408002014090020F0080020A4080020E7
:104CA00094080020A80800200C480040002808BFF5
:104CB00064204FF47A73B3FBF0F30D4A13600D4B8D
:104CC000B3FBF0F20C4B1B68B3FBF2F3B3F1807F44
:104CD0000AD20A4A013B5360094BF02183F82310A2
:104CE0000023936007231360064B1860704700BFD2
:104CF0005C00002040420F000800002010E000E0AF
:104D000000ED00E054000020044B1B685843044BA6
:104D100018601A68002AFCD1704700BF5C000020B0
:104D200078290020F0B58D4B85B01B68092B5ED922
:104D3000FFF722FBC0B27E288DF8040057D1FFF7A1
:104D40001BFB8DF80500FFF717FBC0B206288DF896
:104D500006004CD1032401ADFFF70EFB28550134AA
:104D60000A2CF9D100230122A95C01320B44072A45
:104D70009BB2F9D19DF80B109DF80C205B429BB2C1
:104D800042EA0122934202D0754801F08FF99DF862
:104D90000D30EF2B2BD19DF807309DF809109DF8B1
:104DA0000A203D2B42EA01246E4E6F4D6F4820D100
:104DB0007768052F05D12F683D2F1AD10768BC42AF
:104DC00017D1FF232B604FF6FF73694C694A0360CC
:104DD00011782378994240F26E81674A0F20D15CA6
:104DE00041F40071FFF7B8FE2378013323700020EF
:104DF00063E12B603A3B0460132B00F21781DFE87C
:104E000013F0140023002C002F0032003500550051
:104E1000670069006D007000850095009B009E0092
:104E2000A100A400A700AA001101012C01D1534840
:104E300002E0022C06D1524800F0AEFB514800F0CF
:104E4000ABFBF3E05048F7E7012C01D14F48F3E703
:104E5000022C0CBF4E484F48EEE721464E48E3E097
:104E600021464E48E0E021464D48DDE00CB94D4872
:104E7000E2E7E00705D54C4800F08EFB414800F022
:104E80008BFBA10705D5494800F086FB3D4800F0A3
:104E900083FB620705D5464800F07EFB394800F0E9
:104EA0007BFB230740F1C2804248C5E7062C0DD8A2
:104EB000DFE804F00406080C0C0C0A003E48BBE7CF
:104EC0003E48B9E73E48B7E73E48B5E73E4802E00E
:104ED0003E48B1E73E4801F0E9F8A7E021463D48E9
:104EE000A2E0052C10D8DFE804F0030507090B0D3C
:104EF0003948A1E739489FE739489DE739489BE79A
:104F0000394899E7394897E7394895E7032C0BD892
:104F1000DFE804F00204060836488DE736488BE7E0
:104F2000364889E7364887E7364885E721463648D8
:104F300001F0BCF8746079E02146344874E0214601
:104F4000334871E0214633486EE0214632486BE039
:104F50002146324868E02146314865E0E4080020F7
:104F6000C6C600089C010020580000205000002008
:104F70003429002035290020A4280020E1C600089B
:104F8000FEC60008B8C1000819C700083BC70008E2
:104F900057C7000871C700089BC70008C7C70008AB
:104FA000F1C7000819C8000833C800084EC8000837
:104FB00067C8000881C8000898C80008B1C8000880
:104FC000D1C80008EEC8000807C9000830C90008A9
:104FD00042C900085FC9000875C9000889C90008EE
:104FE0009AC90008ACC90008BEC90008D3C90008A6
:104FF000E5C90008FAC9000819CA000838CA00083B
:1050000057CA000876CA000896CA0008AFCA000846
:10501000CCCA0008EBCA000806CB00081DCB00086C
:105020003ACB00082146264801F040F83568254F64
:105030000124002D3DD124483C6000F0ADFA234806
:1050400000F0AAFA29464620FFF786FD6420FFF704
:105050005BFEFFF767FE02211D4801F027F80221E1
:105060000920FFF779FD6420FFF74EFEFFF75AFE97
:105070002946184801F01AF829460720FFF76CFD69
:105080006420FFF741FEFFF74DFEBD681248294638
:1050900001F00CF8A9B20620FFF75EFD6420FFF7CF
:1050A00033FEFFF73FFE0D4800F076FA074800F0A8
:1050B00073FA204601E00020107005B0F0BD00BF7B
:1050C00059CB00089C01002074CB0008B8C100082F
:1050D00095CB0008B7CB0008AAC40008CDCB0008C8
:1050E000054B1A68054B012A18BFB0FBF2F0186097
:1050F0001A68002AFCD1704754000020782900204B
:10510000034B1A6812B11A68013A1A60704700BF5F
:1051100078290020034B986880F40060C0F3C02019
:10512000704700BF0008014030B504460546002026
:105130002B1BDBB299421AD92378C3B115F8013B76
:10514000A3F13002D2B2092A0DD9A3F14102052AF6
:1051500001D8373B04E0A3F16102052A02D8573B8E
:10516000DAB200E0002202EB001398B2E0E730BDB3
:105170001723022903FB01F110B54FF00903D8BF33
:10518000144691FBF3F1D8BF02F1FF324FF0040354
:1051900092FBF3F3C8BF941E204408440430184423
:1051A0006FF0630392FBF3F318444FF4C87392FB60
:1051B000F3F20244072092FBF0F0C0EBC000101A9B
:1051C00010BD0000F0B52B4FC0F30725C4B24FF45B
:1051D000C8766420002A20DD6B1E012D144457F888
:1051E00023300DD18A073BD191FBF0F200FB121264
:1051F00022B991FBF6F206FB12128ABB01332FE0B3
:105200009C422BDD01350C2DA4EB030303F1FF328F
:10521000C4BF013101250124DCE7164F64204FF49F
:10522000C876DAB12244002A20DC013D04BF0C25F7
:1052300001F1FF316B1E012D57F82340F1D18B078F
:10524000EFD191FBF0F300FB13132BB991FBF6F3B5
:1052500006FB1313002BE4D10134E2E7224605E0FC
:10526000A342FBDAE21A013A0225D4E742EA05201A
:10527000F0BD00BFECCC0008F8B5644B05461A68D9
:10528000824200F0C180624C6422186095FBF2F209
:10529000132395FBF4F490FBF3FE5E4914440140A4
:1052A00003FB1E0E261D072095FBF0F796FBF0F082
:1052B000D200C0EBC000361A02F10D00192290FB9B
:1052C000F2F2A21A1E200F3292FBF0F300FB13231E
:1052D000132404FB0E3393FBF0F200FB123300297E
:1052E000BEBF01F1FF3161F003010131C7EBC70718
:1052F0001D2BA5EB070706D01C2B05D1BEF10B0F0C
:10530000A8BF1B2300E01C2303EB430201EB470172
:10531000114406EB4106072196FBF1F1C1EBC101F7
:10532000761A3344163303241F2B02DD1F3B01344E
:10533000FAE743EA042440F20113374E40F61947D6
:1053400073604FF48373B36040F20153F36040F62F
:105350000323336140F61A436FF02F02294620469B
:10536000B3617761FFF72EFF6FF00102F06129460C
:105370002046FFF727FF0022306229462046FFF72C
:1053800021FF0122706229462046FFF71BFF2722DA
:10539000B06229462046FFF715FF3122F062294608
:1053A0002046FFF70FFF3222306329462046FFF7E1
:1053B00009FF3C22706329462046FFF703FF2A4677
:1053C000B0630C211920FFF7D3FE6FF014020446DE
:1053D000121A29463846FFF7F5FE6FF00D02F0630A
:1053E000121B29463846FFF7EDFE6FF006023064C7
:1053F000121B29463846FFF7E5FE624270642946D3
:105400003846FFF7DFFEB064F8BD00BFCC080020CF
:1054100070FEFFFF03000080BC29002030B5124B56
:1054200087B01868E8B1114D0DF1010200233C204E
:105430005C59591902F8014C4C680833B4FBF0F17F
:10544000117000FB1141402B517002F10302EFD1AA
:10545000182269464FF4227005F01AF9003018BF7F
:10546000012007B030BD00BFD8110020FC0700208C
:10547000074A136823B107490B6813F0020301D1EF
:1054800018467047CB6C03800023136001207047DF
:10549000900100200024014010B50B4B0B4C1B6CFD
:1054A0000B4873B1142202FB03F10A4AB2FBF1F27A
:1054B0002260094AD2F8C42053433C22B3FBF2F3E2
:1054C00000E02360036010BD9417002074090020E1
:1054D00068010020A0BB0D002C25002038B5224C0F
:1054E00040F22551204603F087FAB8B14FF6DF733A
:1054F00023801E4BA288196892B2FF290ED81C493E
:105500001C4D0C68D2B2601CFF282A5588BF0022AF
:10551000086088BF0A601A6801321A60124C40F2B3
:105520002771204603F068FAE8B14FF67F73124AFC
:105530002380136893B11149114C0B68581C8028C3
:10554000086008BF0020E35C08BF08601168DBB298
:1055500001391160044A9BB2938038BD094A13682F
:1055600023F08003136038BD00380140F4050020AB
:105570006C09002050060020540B0020A80A0020CF
:10558000C40A00200C380140024A1368002BFCD1E9
:10559000704700BF540B002010B5441E14F8010FD3
:1055A00010B103F073FDF9E710BD00002DE9F84FCD
:1055B0004FF6FE744FF080437E4D1C8203F5863318
:1055C0009A682868002840F051817B4902F008025F
:1055D0000B680E461BBB79481AB903680133036098
:1055E00044E102689AB101220A6075490A6075496E
:1055F0000B6075490B6075490B6075490B60754907
:105600000B60754BFF211960744B1A702EE1744AC0
:105610001368A34200F22A810133136026E1684F28
:10562000D7F800C0BCF1000F4DD06C4C5AB12378B4
:105630000133DBB2E92B237040F2E4805F4B08605A
:1056400018602070DEE05D4A13689046A3F11F01E8
:105650000A2903D82278063A042A1DD9A3F15E024A
:10566000532A07D82278A2F12E012B2916D9173AEE
:10567000162A15D9A3F13C020F2A03D822783C3A06
:105680000F2A0FD9283B162B03D82378133B0C2B5A
:105690000AD90021316008E0524906E0524904E08D
:1056A000524902E0524900E0524933681BB144229A
:1056B000514805F0F8FE484A002313600122C8F85B
:1056C000002023706EE03F4B19681C4600296BD008
:1056D000494B002A47D0404A5F6B116896468F427B
:1056E0000DD19A6B012A0AD1344A59691268914244
:1056F00018D899698A4215D8C3F838C085E0DFF810
:10570000DC80186898F80020012802F10102D2B26A
:1057100088F80020DFF8E0C007D0E92A75D97A1EA2
:1057200091421AD0002333609CE00B2A6AD90A29DF
:10573000F3D9264F4A1CCCF834203A68A1F10B0E5D
:1057400042EA0E223A60DCF82C20114401310A2290
:10575000CCF8301088F8002005E09B6B002BE1D1DD
:10576000CEF8007051E01968234A0329134FDFF87F
:105770006CE040F0A38318480168102940F09E8334
:105780003B68053B072B00F2B3839EF80030A3F182
:105790003C0EBEF10F0F00F285830023236011231E
:1057A000036001233B602DE042BB044A13680133D0
:1057B000136027E080090020980900205C0B00207E
:1057C0006C0B00207C09002084090020B40A002012
:1057D00094090020500B0020600B0020800B00205B
:1057E000B00A002064CC0008DCCB000820CC000804
:1057F000A8CC00081CCD00082409002001221A6052
:10580000964B1A703368002B30D0954B954A5F6BDE
:10581000126897422AD19A6B42BB934C934AD4F8B0
:1058200000E011688E45924940F076839148006807
:10583000B0F5966F80F07083086801301B680860CF
:10584000012B40F06B8309680139012900F2748350
:10585000884B002119602B68002B40F0CC8300237B
:1058600033601360844A13607C4A13702B68834D45
:105870002B68012B0CD940F6A661814A13680133CD
:105880008B42136004D17F4B012119600023136008
:105890007D4A13680133EA2B136004D17B4B01214D
:1058A0001960002313607A4B1B68002B00F0CF8136
:1058B000784A13680133962B136040F0C8810020AA
:1058C0001060754A11681446FF290CD173490B68A2
:1058D000642B05BF724B4FF400710133596114BF43
:1058E0000B601060B3E16E4B6E4A9B684FF4005042
:1058F00013F4807340F00D83106101296A4A08D0C7
:1059000003D30229694E16D02CE0012121601360D7
:105910009DE111688B4200F09A81002B1360644B6B
:105920004FF0FF021A60614B0CBF022103210022DD
:1059300021601A608BE111688B4202D13368013318
:105940000EE0136033680321782B216003D9584B94
:1059500000221A6003E04A2B01D8002323600023B1
:10596000336074E111688B42E8D013603368022120
:105970009A1F122A21604E4F0BD9052B94BF4D4818
:105980004D48FFF709FE4D48FFF706FE0023236050
:1059900014E10F2B3B6840F2FD80113B292B00F2F4
:1059A0000D81DFE813F02A000B010B010B012E0023
:1059B00032003B003F00430047004B004F005600C1
:1059C00097009B009F00A300A700AD00B300B500A7
:1059D000B700B900BB00BD00BF00C300C700CB00CB
:1059E000CD00CF00D100D300D500D700D900DB0017
:1059F000DF00E300E700EB00F100314B01221A6009
:105A0000DCE0304A1368013302E02E4A13680233A7
:105A100013602D4A136801331360CFE0294A1368DD
:105A20000433F5E7274A13680833F1E7254A13687A
:105A30000A33EDE7234A13681433E9E7214A136870
:105A40002833E5E7204B1B68DA0700F1B7801F48D1
:105A500097E71F4A136801334FE000BF800B002017
:105A600024090020600B0020700000208409002021
:105A700088090020B00A00205C0B002050010020A3
:105A80008C09002060070020900900203C060020BF
:105A9000A0280020580B0020680000201C090020CE
:105AA000000C0140001001409C090020680B002000
:105AB0006400002060CD00087DCD0008B8C100085A
:105AC000A40A0020F80500204C0B00209BCD000804
:105AD000DC050020914A136802330EE08F4A1368F8
:105AE00004330AE08D4A1368083306E08B4A1368D2
:105AF0000A3302E0894A136814331360884A89E73D
:105B0000874B1B68DB0759D486483AE7864A0AE088
:105B1000854A0CE0844A0EE0834A20E0824A22E073
:105B2000814A24E0814A136801332AE07F4A1368DE
:105B3000023326E07D4A1368043322E07C4AF2E710
:105B40007B4AF4E77A4AF6E7794A08E0784A0AE0BD
:105B5000784AE8E7774AEAE7764AECE7754A136855
:105B600008330EE0734A13680A330AE0714A136877
:105B7000143306E06F4A1368283302E06D4A136855
:105B8000503313606C4A45E76B4B1B68D80715D43C
:105B90006A48F6E6232B08D03A2B0BD01C2B0DD1EC
:105BA000674B1B68D90709D551E75D4B1B68DA07BE
:105BB00004D5A9E7604B1B68DB07E9D43A680F2AD4
:105BC0000AD1604B1A68002A00F03D825E4A01212A
:105BD000116000221A6036E2102A19D15A490023B6
:105BE0000B6058490B6056490B604D490B60524998
:105BF0000B6056490B6056490B6048490B604B4996
:105C00000B6049490B604A490B604A490B6002E04E
:105C1000FF2A3FF4A4AE01323B2A3A6014D13F4A36
:105C20004C4B116818684A4C88424B4807D10168B0
:105C300027680131B94202BF424901270F6012684B
:105C40001A60236803608AE63FF687AE87E6434A18
:105C500013680133962B136004D1414B0121196065
:105C6000002313603F4A136801330F2B136004D1E4
:105C70003D4B01211960002313603C490B68BBB107
:105C80003B4B1A6801321A6018680A6890420FD3B9
:105C9000384A0021196013680133142B136004D1B2
:105CA00035481160036801330360344B01221A60E8
:105CB00043F69821324A136801338B4202D01360B5
:105CC000BDE8F88F2F4B012018602B68002103449A
:105CD00011602D4A2B60D2F8C4300344C2F8C4309E
:105CE000D2F8C4302D2B13460BD1284BD2F8C0402C
:105CF00019688C4200F0C580D2F8C0201A60244B8D
:105D0000BEE0D2F8C440312C01D1224BB8E0D2F829
:105D1000C440322C42D1204BB2E000BFDC05002051
:105D2000840B0020BCCD0008400600205C0700204A
:105D3000700100202C060020A0090020DDCD000805
:105D40004C0B0020700B002018060020A40A002035
:105D5000F8050020640B002070090020C00A002014
:105D600080010020BC0A0020B80A0020740900202D
:105D7000740B00207C0B00206801002064070020C9
:105D8000AC0A0020780100202C2500206C000020A7
:105D90003C0800204806002054070020D2F8C440E8
:105DA000332C01D1AA4B6BE0D2F8C4403C2C62D119
:105DB000C2F8C410A74A1160A74A1160A74A11602F
:105DC000D3F8C0200132C3F8C020A54A1060D3F830
:105DD000C0203C2A55D1C3F8C010D3F8BC200132F2
:105DE000C3F8BC20D3F8BC20182A4AD1C3F8BC1091
:105DF000D3F8AC200132C3F8AC20D3F8AC20072A8A
:105E000008BFC3F8AC10D3F8B82096490132C3F8E4
:105E1000B820D3F8B850D3F8B400D3F8B020441E5B
:105E2000022851F824100FD190070DD16424B2FB41
:105E3000F4F004FB102030B94FF4C874B2FBF4F056
:105E400004FB102202B901318D421AD90120C3F896
:105E5000B800D3F8B410844A0144C3F8B410D3F89E
:105E6000B4300C2B0DD9C2F8B400D2F8B0300344D2
:105E7000C2F8B03005E0D2F8C4301E2B01D17B4B04
:105E800018607B4B1A68002A00F0E0801A68013A1B
:105E90001A601B68002B40F0D980764B01221A60F3
:105EA000BDE8F88F0F3B0A20D1620F2B4FF0200185
:105EB00010601163516315D8012014E03A685868E6
:105EC0006D49904219D95B696B499A4210D38B692D
:105ED0009A420DD89EF80030CA69934208D30A6AE4
:105EE000934205D8002003F013F90023236058E4FF
:105EF000002333608EF8003053E488688242E2D891
:105F00009EF800C0C8688445DDD309698C45DAD89D
:105F1000D2E750610123F0E400208FE4052B03D188
:105F20000968012908D193E40A2B01D0292B03D158
:105F30000968C9073FF58CAC0121022BDFF860919D
:105F400029604E48DFF85C81DFF85CC11BD14C4909
:105F5000002F70D1DFF844A1DAF80030B3F5E16F1B
:105F60000ED20B68DFF820910360D9F80030C2F838
:105F700000E043F00103C9F80030CAF800705AE0AD
:105F8000C9F8007057E0052B29D13E4B1F7893F8D4
:105F900001B007F00F0193F802A081EA17110BF08E
:105FA0000F07794081EA1B110AF00F07B94218BFA9
:105FB0000021DF7818BFC9F8001019798AEA0707AD
:105FC00093F8059087EA010399451CBF00232B60D5
:105FD0002D492E4B0F681B683B430B600523C8F807
:105FE00000300368CCF800301168294B1960294B48
:105FF0001968294B2EE41068DFF880C086452749D0
:10600000DFF87CE00FD1DEF80070DCF800309F4252
:1060100009D140F6C9070B68BB429FBF1A4F3B68C6
:1060200043F001033B60DCF800302060CEF8003024
:1060300000230B6013E40223C8F800300368CCF897
:1060400000300B60D0E710233B6088E4BDE8F88F98
:10605000E4050020740B0020680100207C0B002068
:106060001C060020ECCC00082C250020280600206F
:10607000100000207C01002024090020B40A002028
:1060800060000020440B002020090020940900201B
:1060900078090020500B0020780B0020B00A002067
:1060A0008009002018090020680900200FB413B5EA
:1060B000084C04AB53F8042B4FF480712046019335
:1060C00005F0AAFA2046FFF767FA02B0BDE81040D3
:1060D00004B07047A4090020F0B5394B394DA3F145
:1060E0001802002814BF18461046374C374B2E684C
:1060F00022681B689A4245D240F26A57344B1968AD
:10610000344B226807FB013302EB42021344024680
:1061100000F10801802793F801E001321EEA070F21
:1061200014BF4FF0390E4FF0210E02F801EC8A42F5
:106130004FEA5707EFD100F11002802793F800E0F3
:1061400001311EEA070F14BF4FF0390E4FF0210E38
:1061500001F801EC8A424FEA5707EFD1183080214D
:106160009F7801320F4214BF3927212702F8017CA2
:1061700082424FEA5101F3D1236806F1180101333D
:1061800023601AE03146DFF850E018234FF0000C8E
:10619000DEF800708C1B8F4200EB040206D9013B35
:1061A00000F804C001F10101F2D106E0134400201F
:1061B000934202D010700132FAE72960F0BD00BFAF
:1061C000CC1200202C16002028250020F8250020C5
:1061D00024160020101A00202816002010B5134C99
:1061E00023685A0603D423689B061ED505E0402386
:1061F00063600020FFF770FFF5E70C4B20225A6028
:106200000B4B1A680B4B1B689A4204D2BDE8104036
:106210000120FFF761BF4FF6FE73074A11680B407C
:106220001360064B00221A6010BD10BD0000024032
:106230002C160020281600201C00024038160020D2
:1062400030B5244C95B0227805462346002A3FD02D
:1062500094F84220B2B194F84B209AB12146684696
:1062600005F077F91C49684605F04CF904F1420144
:10627000684605F047F91849684605F043F904F106
:106280004B010BE093F8213013B31249684605F037
:1062900060F91149684605F035F91049684605F07E
:1062A00031F9032D14D8DFE805F002060A0E0122A9
:1062B00069460B480AE0012269460A4806E00122C5
:1062C0006946094802E069460848012203F040F99E
:1062D00015B030BDE4120020FECD000805130020EB
:1062E00002CE000808CE000883C1000811CE0008C5
:1062F00008B52022114940F2471004F0C9F9D0B185
:106300000F4B1B68BBB120220E4940F2671004F00E
:10631000BFF980B108220C4940F2871004F0B8F9A7
:1063200048B10822094940F28F1004F0B1F9003059
:1063300018BF012008BD002008BD00BFE4120020E6
:10634000D811002005130020261300202F13002051
:1063500010B50446084804F077F9204604F074F9B3
:10636000064804F071F9064A1368002BFCD1FBF7CC
:1063700037FF0128FBD110BD1CCE0008B8C10008B2
:10638000880B002000B591B00B46024604496846D0
:1063900005F094F86846FFF7DBFF11B05DF804FBE9
:1063A00021CE000800B5C1F307238BB0024600934D
:1063B00002A8CBB2044905F081F802A8FFF7C8FF94
:1063C0000BB05DF804FB00BF29CE0008024B0A2089
:1063D000196AFFF7E7BF00BF94170020024B0620A1
:1063E000D968FFF7DFBF00BF9417002000B50C4B42
:1063F0008FB09A680B490492DA6806A803921A696A
:1064000002925A6901929A690092DB69002205F0B2
:1064100055F806A8FFF79CFF0FB05DF804FB00BF1E
:106420002C25002037CE000800B58A788BB00B7879
:1064300001924A7805490092024602A805F03EF80A
:1064400002A8FFF785FF0BB05DF804FB55CE0008EE
:1064500001490020FFF7E8BFD817002000B593B02E
:106460000B4600920549024602A805F027F802A84B
:10647000FFF76EFF13B05DF804FB00BF6ACE0008A3
:1064800000B58BB00B4600920549024602A805F004
:1064900015F802A8FFF75CFF0BB05DF804FB00BF26
:1064A00073CE000807B50E4B5B69002BB8BF5B428B
:1064B0008DF805300B4BA8BF2B221868B6BF2D22D4
:1064C0008DF804208DF8042038B1022201A9BA20E9
:1064D00004F0DEF8003018BF012003B05DF804FBC3
:1064E00078000020D811002010280AD80A2908D8DE
:1064F000054B0C2202FB0030405C003018BF01202D
:1065000070470020704700BFDC1100202DE9F74FD5
:1065100088461746174B00261C684FF0010900EB10
:106520008400C1EB8004144801F1040A0444454688
:1065300009FA06F307F1FF3B625D1A420BD0102DFA
:1065400001930CDCBBF1090F09D839462846FFF747
:10655000CBFF019B18B901355545EDD101E0002075
:1065600005E00136042E07F10107E0D1012003B058
:10657000BDE8F08F4013002091CE00082DE9F047D0
:10658000194F8046BA46DFF86C900025BB682B4453
:10659000112B04DD0135042DF8D1BDE8F087132659
:1065A0005E43002402369AE80A0003EB810309EBFC
:1065B00083035B5D2341DB0712D5F86803190B2BBE
:1065C0000EDC30442044B8F1000F05D0074B01EB3E
:1065D00041010022194401E042460549FDF7ACFFA4
:1065E0000134042CDFD1D5E740130020BA14002079
:1065F0003C13002091CE000838B5094CA568E2682C
:10660000013529466068FFF781FF38B10020FFF7A8
:10661000B5FF0120A560FFF7B1FF012038BD00BF25
:10662000401300202DE9F0478146154D154CFF23FE
:10663000DFF854A02B5423544FF01208132704F012
:10664000BFFD90FBF8F606FB180604F0B9FD90FBC1
:10665000F7F303FB170007FB06A31B5CFF2BEED130
:106660000023EA5C964202D1E25C9042E7D001331B
:10667000032BF6D105F8096004F80900BDE8F0879E
:106680000C0C0020040C00206413002037B53F4C94
:106690002368C3B90520FEF709FB3D4A01232360A7
:1066A00093693C4C43F020039361142320258DF81B
:1066B000073001A903232046ADF804508DF80630B9
:1066C00002F05CFA256104F0A1FA002859D004F028
:1066D0009DFA314C50B1332004F04CFA0821204689
:1066E00004F07CFA012504F091FA02E005462060EE
:1066F00060602378294A01211360294A222B116006
:1067000001D0282B3ED104F081FAD8B35520254C76
:1067100004F030FA02F0A6F8BE2004F02BFA0921AA
:10672000204604F05BFA237913F0600F2AD004F0BE
:106730006DFA38B3552004F01DFA02F093F84E209C
:1067400004F018FA7F2004F015FA802004F012FA01
:10675000002004F00FFA04F059FA04F057FA88B157
:10676000552004F007FA02F07DF8482004F002FA00
:10677000FA2404F01FFA08B9013CFAD104F046FAF1
:1067800000E00546284603B030BD00BF601300207E
:1067900000100240000C0140301600205013002071
:1067A000381300205413002007B5094B1B688DF8DF
:1067B0000730084B186840B101220DF10701DF20B6
:1067C00003F066FF003018BF012003B05DF804FB42
:1067D00090000020D811002010B504F017FA58B32B
:1067E00055201A4C04F0C6F902F03CF8BE2004F023
:1067F000C1F90921204604F0F1F904F007FA144B1D
:1068000022461B68222B01D0282B10D113795078F7
:10681000C3F341135C1D12780933C109C3F10C03A2
:1068200000F00700A04042FA03F3184306E094F991
:1068300001102078C90F01E0FF2010BD054B19B9E8
:106840001A68801A586010BDFF20FBE7541300201F
:1068500050130020900000202DE9F041304D984663
:10686000D5F8C03506460C461746002B53D080227B
:10687000002104F0F3FBB8F1000F0AD005EBC703C9
:1068800093F87E30D80704D52A7F0123B3546A7F5A
:10689000B3542349F80000234FF0010EAA69934234
:1068A00008D21A180A4492F87F201AB106F802E0BA
:1068B0000133F3E705EBC70393F87E30990701D561
:1068C000013402E05A0748BF023424B1A4F118038E
:1068D0005842584100E00120AB689C4201D3E41AC1
:1068E000FBE705EB84041E3400230122E15C91B137
:1068F000FF2902D1E11837B903E0FE2907D1E118D9
:1069000008B1497800E089787254023300E072548B
:106910000133032BEAD9D5F8C005BDE8F08100BFEB
:10692000140C00201FB5094B00211860084B0246CB
:10693000C3F8C0156846074904F0C0FD0122694646
:10694000054802F005FE05B05DF804FB100C0020C0
:10695000140C002075C6000889C6000807B5094B4D
:106960005B688DF80730084B186840B101220DF1C3
:106970000701DE2003F08CFE003018BF012003B0B9
:106980005DF804FBA0000020D811002007B50B46DD
:10699000009201460022D02002F036FDB0FA80F0CD
:1069A000400903B05DF804FB07B50B4600920146B1
:1069B0000022D02002F05AFDB0FA80F0400903B066
:1069C0005DF804FB13B50C4C236883B1022201A9C6
:1069D0001120FFF7E9FF58B19DF805009DF804303C
:1069E000C0F3400040EA43006368C01A00E0FF20A3
:1069F000A06002B010BD00BFA000002037B5284B3A
:106A00001B68984201D002F043FC01220DF10701FE
:106A10003F20FFF7C9FF012205460DF1070138B3FA
:106A20000720FFF7C1FF08B9002435E09DF80730C3
:106A300043B1002301220DF1070107208DF8073033
:106A4000FFF7A4FF01220DF107010020FFF7ACFFC3
:106A500004460028E8D09DF807301A0619D503F03F
:106A60007F038DF8073001220DF1070100200EE0B1
:106A70000E20FFF799FF04460028D5D09DF8073077
:106A80003BB18DF8075001220DF107010E20FFF7F1
:106A90007DFF044B01221A60204603B030BD00BFC9
:106AA000080C0020A000002073B5134B186800B339
:106AB000124D0024062606FB04F35A5D2B448DF884
:106AC0000020B3F8012004EB84008DF80120120AA5
:106AD0008DF80220B3F8033005228DF803306946A3
:106AE0001B0A043001348DF8043003F0D1FD142C5E
:106AF000E1D102B070BD00BFD81100208C0B002086
:106B0000F0B50E4C002306258B4214D005FB03F292
:106B10000778165DB7420CD12244B0F80170B2F884
:106B20000160B74205D1B0F80360B2F80320964285
:106B300002D00133E8E7FF231846F0BD8C0B00209C
:106B400010B500201F4CFEF7B1F808232361362052
:106B500002F080F92A20FEF7D7F8102323616C2079
:106B600002F078F92A20FEF7CFF84FF400432361B2
:106B7000A22002F06FF92A20FEF7C6F84FF4005366
:106B80002361EA2002F066F92A20FEF7BDF84FF4EF
:106B9000805323614FF4907002F05CF92A20FEF7D5
:106BA000B3F84FF4804323614FF4AB7002F052F915
:106BB0000548FEF7F1FC0548FEF7EEFC044B012208
:106BC0001A6010BD000C01407ECE0008B8C100085C
:106BD0007400002070B5234B8EB05C6A1E4664B30F
:106BE00000242346142202FB0361096E890742BF79
:106BF0000EA901EB840141F8383C03F1010348BFC1
:106C000001340E2BEFD1184D0CB92C600BE004F0C1
:106C1000D7FAB0FBF4F303FB14000EAB03EB8000D8
:106C200050F8383C2B602A68142303FB02635B6D29
:106C300098470E4B00221A6011E00B4A1425126887
:106C40000A4805FB023301689A6D013191420160E7
:106C500005D35B6D04600EB0BDE8704018470EB000
:106C600070BD00BF94170020541500206815002047
:106C700038B5184C636A23B1174A00236362A362D4
:106C80001360A36A23BB144D2B6801332B6004F0FF
:106C900097FA124B00F0070003F5AB7101281A7840
:106CA00005DD12F0030F02D042F0040201E022F0F1
:106CB00004021A7001338B42F0D12B68202B03BFE2
:106CC0000123A36202200420BDE83840FDF79CBDEB
:106CD00038BD00BF94170020E41400203C160020AB
:106CE0002DE9F047384D6B6A23B1384A00236B62B7
:106CF000AB621360AC6A002C64D1344E3368A3BB22
:106D0000DFF8CCC01C461A46E2464FF0130909FBD7
:106D100002FE0CEB0E00804613277B1EC15C11F0B7
:106D2000010F14D0122B02D0C45DE4070ED421F061
:106D3000010108F803103BB1013B03EB0E01514484
:106D40004978C90702D5F6E7012403E001240BB115
:106D50001F46E2E70132122AD9D10120FDF754FD86
:106D600001230CB9336000E01C463368012B29D1A4
:106D7000174F00214FF0130E0EFB01763046002313
:106D8000C25C02F0060CBCF1020F0FD113B112F07D
:106D9000040F0BD142F00402C254122B05D05A1C2E
:106DA000B45CA40701D51346F7E701240133132B84
:106DB000E6D101311229DFD10420FDF725FD0CB900
:106DC0000123AB62BDE8F08794170020581500201E
:106DD0003C16002038B5214A536A33B120490023BC
:106DE0000B602049536293620B60936A002B33D18E
:106DF0001B4C236873B91C4B03F5AB7113F8012FBF
:106E000022F004028B421A70F8D10420FDF7FCFC3A
:106E100001231FE01348016801310160C9071BD538
:106E2000013B12489BB2B3F5AB7F0FD2C15C5D1C36
:106E300011F0020F08D00D4A41F004010420D15492
:106E4000FDF7E2FC256003E0ABB2ECE701239362BF
:106E500023680133236038BD38BD00BF941700207C
:106E600038150020181600203B1600203C16002084
:106E70002DE9F04F6F4B85B05A6A22B16E4900225E
:106E80005A629A620A609B6A002B40F0D0806A4A7C
:106E900017681146082F00F2C780684D00225C1960
:106EA000A05CDFF898E120F00400A0540132132A1E
:106EB000F6D11333B3F5AB7FF0D17A1C0A60C2F17F
:106EC0000906002100230EEB0104E05C20F008001D
:106ED000E0540133132BF8D11331B1F5AB7FF1D16D
:106EE0001946002501FB05E8002418F804309B072B
:106EF0001DD5082D04D87319082B28BF082303E0DB
:106F0000AB1B082B98BF0923082C04D8301908287C
:106F100028BF082003E0A01B082898BF092001FB18
:106F200003E313F800C04CF0080C03F800C0013470
:106F3000132CDAD10135122DD4D1002116460C467E
:106F400014237B43029326237B433C484FEA470CA0
:106F500003931546029B01EB000EC3EB010A039B52
:106F60000CEB0A0903EB0908CCEB0803019300239F
:106F70001EF80370FF073CD5082C1DD8082B0DD830
:106F8000A24236D89A4234D803EB0A07074417F8CE
:106F900014BC4BF0040B07F814BC2AE0A24228D81A
:106FA000122D26D803EB0907074417F812BC4BF043
:106FB000040B07F812BC1CE0082B0DD8112E18D8B2
:106FC0009A4216D8019FDF19074497F812B04BF088
:106FD000040B87F812B00CE0112E0AD8122D08D835
:106FE00008EB0307074497F814B04BF0040B87F83D
:106FF00014B01EF80370013517F0080F1CBF47F0DE
:1070000004070EF803700133132BB1D11331B1F51E
:10701000AB7F04F1010406F101069AD1042005B00A
:10702000BDE8F04FFDF7F0BB024B01229A6205B0BC
:10703000BDE8F08F94170020D41400203C160020E7
:107040002DE9F04F764B85B05A6A3AB10022754966
:107050005A629A6201220A6073490A609B6A002B95
:1070600040F0DA806F4B1D68184655B36F4E122101
:1070700013254A1E05FB02670023FC5C04F0030E87
:10708000BEF1010F10D16948132505FB020024F061
:107090000104112AC4540ED0644A05FB0121CA5CC4
:1070A00042F00102CA5406E00133132BE5D1114628
:1070B000002ADED10260052005B0BDE8F04FFDF7E3
:1070C000A3BB594B1A680393002A00F09D80584EC9
:1070D000584833685849594FE3B10268DFF84CE12A
:1070E000132303FB02EC096801321CF8014003FB87
:1070F00002E324F004040CF801400260585C40F004
:1071000004045C543C68A242D5D140F005005854B8
:107110003560D0E70268D7F800E018460F689B4654
:107120001C469C4619460292454A4FF012080192AD
:10713000A2F5AB7908F1FF350022002945D1019E67
:10714000A6F1130A1AF802A00AF00306022E38D19B
:107150002DB32C460AF00101013C81B1019B01993C
:107160009B5C012043F004038B54CDF80880174644
:10717000AE460346834604468446014621E0002C81
:10718000EAD1C3B912F80910029341F004010123B6
:1071900002F809101746AE4618469B460EE012F854
:1071A0000910012441F0050102F809101746AE4606
:1071B000A446214605E01746AE4601231C469C46E0
:1071C00019460132132AB8D100E00121019AA846DC
:1071D000133A0192002DADD1BCF1000F02D0174A35
:1071E000C2F800E00CB1144A1760BBF1000F02D0E6
:1071F000104A029C146008B10D4A136000297FF404
:107200005AAF039B196056E7FDF7D4F80420FDF749
:10721000FBFA034B01229A6205B0BDE8F08F00BF74
:10722000941700203C150020741500203C16002007
:10723000901500207815002034150020D01400206F
:10724000921700202DE9F843534B5A6A22B1534953
:1072500000225A629A620A609B6A002B40F09A8070
:107260004E4D2C68082C3ED84D4B6FF01201142265
:10727000614302FB0432C4F11300C91A8F18B842EB
:10728000474E05D9167846F0040602F8016BF5E77B
:10729000122202FB0462611CC4F11107B94202F11F
:1072A00013020DD212F814E001314EF0040E02F870
:1072B00014E092F812E04EF0040E82F812E0EDE7CE
:1072C000132202FB07426FF01201134401FB07F285
:1072D000921B197841F0040103F8011BD118884270
:1072E000F7D8A4B11AE0092C4CD117E0132202FB05
:1072F00001020EEB02036FF012024A43D21B19780F
:1073000021F0040103F8011BD1188E42F7D80420A4
:107310000134FDF779FA2C60BDE8F883601E132173
:1073200041436FF0120747431D4B42181A449E46D3
:10733000C0F11306FB1A03EB020C6645184F05D982
:10734000177827F0040702F8017BF4E7224613318F
:107350000144CB19C4F10008C0F111018A4203F1C4
:107360001303C3D213F813CCC0EB03092CF0040CA5
:1073700003F813CC19F808C001322CF0040C09F8FA
:1073800008C0EBE7FDF716F80420FDF73DFA024BC5
:1073900001229A62BDE8F883941700206C15002042
:1073A0003C1600202DE9F04F9E4D87B06B6A814658
:1073B000002B7AD09C4B00274FF03F08EA6802A9C7
:1073C00003A89A4C1F606F62AF628DF808808DF839
:1073D00009808DF80A7001F0A5F99DF80C20944BF6
:1073E00034F81220B9F1010F1A709DF80D20914E5A
:1073F00034F812205A709DF80E2034F812209A703A
:1074000004D18DF814708DF8158006E0B9F1020FE3
:107410000DD18DF814808DF8157010238DF816306D
:10742000EA6805A90DEB030001F07CF908E0337868
:107430008DF8103073788DF81130B3788DF81230E4
:107440009DF810207C4B34F812207C4F1A709DF868
:10745000112034F812205A709DF8122034F81220AE
:107460009A703278764B34F812201A70727834F8A9
:1074700012205A70B278122634F8122000249A7022
:10748000E00706D503F09CFE90FBF6F303FB160025
:1074900006E003F095FE90FBF6F303FB16000930BF
:1074A00047F824000134132CEAD1AC6A002C40F0D8
:1074B000B6805D4B1A689A46352A00F2A8805E4D68
:1074C000DFF884B12B78DFF878918DF814306B7881
:1074D0008DF81530AB788DF816305BF8043F1B2B18
:1074E0000FD8DBF8003001340133132CCBF8003017
:1074F000F3D1FDF71DF8DAF800300133CAF8003097
:107500008DE0A3F11B07012F07D11320002248496A
:1075100000FB0740FDF710F80DE01D3B112B08D8CC
:10752000A4F1260013230022434903FB0700FDF7C3
:1075300003F8112FE9D90126132307F1FF38B8F119
:10754000110F05D9A7F10208033F102F2ED957E0DC
:107550003C4A03FB0822125D91070CD5052E0AD97F
:1075600099F800208DF8142099F801208DF8152045
:1075700099F802200CE02A78B2FBF6F28DF814207C
:107580006A78B2FBF6F28DF81520AA78B2FBF6F213
:107590008DF8162003FB0840002205A90193FCF793
:1075A000CBFF019BB8F1000F2AD0CBE7254A03FBA4
:1075B0000822125D92070CD5052E0AD999F80020F1
:1075C0008DF8142099F801208DF8152099F80220E3
:1075D0000CE02A78B2FBF6F28DF814206A78B2FB40
:1075E000F6F28DF81520AA78B2FBF6F28DF8162087
:1075F00003FB0840002205A90193FCF79DFF019BB6
:107600000136B8F1000F3FF46CAF474695E7FCF741
:10761000D1FE0420FDF7F8F8024B01229A6207B070
:10762000BDE8F08F9417002094150020D4BC00080A
:10763000701500203B000020E0140020E81400201A
:107640007F1500203C160020E41400200020FFF7E6
:10765000A9BE0220FFF7A6BE0120FFF7A3BE0000CF
:107660002DE9F04F9B4B85B05A6A9E46EAB19A4A83
:1076700000231360994A9A4913609A4A0878136064
:10768000994ACEF824301360984ACEF82830136017
:10769000974A984B32F8100018704878897832F879
:1076A000100032F8112058709A70DEF82830894E98
:1076B000002B40F00B81884D884F2C68002C4ED158
:1076C00096F844301F2B05D83F238DF808308DF8ED
:1076D000094008E096F845301F2B07D83F238DF866
:1076E00008408DF809308DF80A400DE096F84630D4
:1076F0008DF808401F2B4FF03F0394BF8DF80940D1
:107700008DF809308DF80A30DEF80C2002A903A8A4
:1077100001F008F8764B9DF80C20774933F81220D9
:107720003E680A709DF80D20132033F812204A702D
:107730009DF80E2033F8123000228B706F4B1A70B8
:107740005A709A70674B1C6800FB0640FCF7F4FE09
:107750006B4B1E706B4B1C7001232B60AFE03A68C3
:107760001F2A07D9FCF726FE0420FDF74DF8012358
:10777000B362ABE05C4B5B4E19689C468A4202F0F8
:107780000103DFF8689101933ED13068D9F80030E9
:10779000984239D1019B13B130B1013802E0112870
:1077A00002D80130924601E002F1010A5146564BDF
:1077B0004FF0130808FB0A38112922D88A4505D052
:1077C00011F0010F0CBF0023122300E0034611F05B
:1077D000010F13D00133002B74D0013B18F803B014
:1077E0001BF0030FF7D0CCF80010C9F800300BE005
:1077F00018F803B01BF0030FF5D10133122BF7D9A2
:1078000060E02023CCF80030019B33B13368D9F815
:1078100000108B420AD9013B05E03368D9F800100B
:107820008B4203D201332F4A136008E0DCF80030AA
:107830009A4235BF013201233A60CEF828303F68C2
:10784000112F07D83368132000222B4900FB073083
:10785000FCF772FE0E2CDFF8A8802A4C24D198F891
:107860000000112811D813225043274A23780244DC
:10787000D15C184401F0020101F0FF0211B10022B5
:107880001C4900E01D49FCF757FE0023013318F89E
:10789000031008EB030202F8011CE15CE2180D2B57
:1078A00002F8011CF2D12B602B6832680D2BE254D8
:1078B00098BF094A08F803709CBF01331360FCF7B6
:1078C00037FE03E0013108F1130875E705B0BDE8A4
:1078D000F08F00BF94170020401500201C160020D8
:1078E0003B00002060150020D8140020DC1400208C
:1078F000D4BC0008641500207C1500205C15002015
:1079000082150020441500203C16002037B5134D89
:10791000134C2B6905F147010F2B28BF0F238A3326
:1079200055F823202046FCF757FD2B6B9BB10D4BE0
:107930002278012133F8122001A88DF80420627802
:1079400033F812208DF80520A27833F812308DF824
:107950000630FCF7BBFD03B030BD00BF941700201C
:1079600098000020D4BC000807B50023014601A8F8
:107970008DF804308DF805308DF80630FCF7A6FD43
:1079800003B05DF804FB0000F8B507460E46144648
:10799000002A3FD00020FCF7D5FE23070FD51E4B51
:1079A0001B68012B01D0FFF7CBF8C820FDF7ACF91D
:1079B0001A4B5B6843B90120FCF79CFD04E0E50627
:1079C00002D50120FFF7D0FF600723D5134DFCF748
:1079D0005FFDEB6AE3B1EB69D90705D426B1A6F1E7
:1079E0001E025342534100E00123324639460C48FF
:1079F000FEF732FF70B10A4E0024A35D13B120469A
:107A0000FCF710FD0134802CF7D101236B62F8BD27
:107A1000E306FAD4F8BD00BF7400002094170020DC
:107A20009815002038B50546064C28B1012323637C
:107A3000BDE83840FCF740BD0120FFF795FF256306
:107A400038BD00BF94170020C24B2DE9F743162123
:107A5000D9633C211964202183F8441083F847102E
:107A600083F84E1083F84F10BB49DFF81483596533
:107A7000BA49C3F87880DFF80C835966B849DFF853
:107A800008C3C3F87C80DFF80483002204200224AA
:107A9000012505260A274FF0070E99660321C3F832
:107AA00050C059671F605A609D60DE601E619A6118
:107AB000C3F81CE018625A629A62DD621D635A6361
:107AC0009C65DC651A66D8661867C3F88040C3F801
:107AD0008C80DFF8BC82C3F88810C3F89080DFF890
:107AE000B482C3F89C10C3F8A080DFF8AC82C3F85E
:107AF000C410C3F8A480DFF8A482C3F8D810C3F878
:107B0000B480DFF89C82C3F8EC10C3F8B880DFF8CB
:107B10009482C3F8F810C3F8C880DFF88C82C3F8E9
:107B2000FC10C3F8CC80DFF88482C3F80011C3F8DE
:107B3000DC80DFF87C82C3F88440C3F8E080DFF8A3
:107B40007482C3F89440C3F8F080DFF86C82C3F805
:107B50009840C3F8F480DFF86482C3F8A840C3F803
:107B6000AC40C3F8B020C3F8BC40C3F8C040C3F871
:107B7000D000C3F8D400C3F8E440C3F8E840C3F829
:107B80000481DFF83C82C3F868C1C3F80881DFF8DC
:107B90003482DFF834C2C3F81881DFF83082DFF8AE
:107BA0003092C3F81C81DFF82C82C3F81411C3F89B
:107BB0002C81DFF82482C3F82811C3F83081DFF864
:107BC0001C82C3F83C11C3F84081DFF81482C3F86B
:107BD0004811C3F84481DFF80C82C3F84C11C3F894
:107BE0005481DFF80482C3F85011C3F85881DFF8DC
:107BF000FC81C3F85C11C3F86011C3F86411C3F8C9
:107C00000C41C3F81041C3F82001C3F82401C3F8A4
:107C10003401C3F83801C3F86C51C3F87051C3F88C
:107C20007421C3F87881C3F87C01C3F88001C3F8DC
:107C30008451C3F888C1C3F89891DFF8B491C3F8B0
:107C4000F4110621C3F8A891C3F80012DFF8A4913B
:107C50000821C3F808120921C3F88C01C3F8902148
:107C6000C3F89421C3F89C21C3F8A021C3F8A42130
:107C7000C3F8AC21C3F8B021C3F8B421C3F8B8915C
:107C8000C3F8BC21C3F8C021C3F8C421C3F8C8811C
:107C9000C3F8CC01C3F8D001C3F8D451C3F8D8C19C
:107CA000C3F8DC21C3F8E021C3F8E421C3F8E821DC
:107CB000C3F8EC51C3F8F041C3F8F801C3F8FC6114
:107CC000C3F804E2C3F80C120B21C3F814120C2100
:107CD000C3F818120D21C3F81C120E21C3F820128C
:107CE0000F21C3F82412C3F8107203F5097141F88B
:107CF000042F01320F2AFAD103251A491A48C3F872
:107D00006422C3F8685203F024FC184B0022184C7C
:107D10001A60A369694643F00403A3618DF8025019
:107D2000144D4FF48073ADF80030284628238DF8A9
:107D3000033000F023FF0120FCF7E6FFAB68DB0512
:107D40005AD50D48FDF728FC0C48FDF725FC1C23EF
:107D500059E000BF94170020ED47000869CF0008E4
:107D600079450008D8CF0008001A002038160020F6
:107D70000010024000080140DECF0008B8C1000832
:107D80006ECF00086D48000864CF000873CF00086C
:107D9000716E00086FCA0008D56B00087BCF000821
:107DA0006176000881CF0008D56D00088ACF0008F1
:107DB000457200088FCF0008597600089BCF000855
:107DC00041700008A0CF0008C2CF0008E16C000895
:107DD00082C90008A8CF0008716C0008B3CF000862
:107DE0004D760008B0CF000853760008BACF0008DF
:107DF000CBCF0008D1CF00085348FDF7CDFB534847
:107E0000FDF7CAFB18238DF8033069460323504859
:107E10008DF8023000F0B2FE4FF480736B61A369FD
:107E2000012043F40063A361636943F001036361CC
:107E3000484B00241A8822F45C721204120C1A8037
:107E40005A229A851C851C8698821A8C22F001027F
:107E50001204120C1A841A8C9D88198B22F00E02BF
:107E600021F073010904120425F44075090C120C69
:107E70002D0441F0600102432D0C9D8019839C86E6
:107E80001A841A8B344D22F008021204120C42F0AC
:107E900008021A831A8892B242F080021A80B3F85C
:107EA00044206FEA42426FEA524292B2A3F8442061
:107EB0009A8992B242F400729A810C238DF80700DD
:107EC00001A88DF804308DF805408DF8064000F0CB
:107ED00099FB4FF6FE72214B204619680A401A6042
:107EE0004FF6FE7219680A401D491A601C605C60FA
:107EF0009C60DC604A6842F0F0024A601A6822F432
:107F0000FF4222F0700242F4465242F030021A6000
:107F100030225A60134A9A60134ADA60134B2246A1
:107F2000196840F26A53594300EB40030B44013097
:107F3000EC18B0F5E77FEA546270A270F4D100F05B
:107F400089FF03B0BDE8F083FFCF0008B8C1000887
:107F500000080140002C0140101A00201C000240C3
:107F600000000240342C0140B4120020F42500200F
:107F70002DE9F041144EF36A1BB3144CD4F8C0350C
:107F8000FBB1A0F114053B2D1BD80020FCF7DAFB58
:107F9000FCF77EFA207FFCF745FA607FFCF742FA97
:107FA000A046ED000027A3699F4208D27B194344F5
:107FB00093F85F0218B1FCF735FA0137F3E70123B4
:107FC0007362BDE8F08100BF94170020140C0020FC
:107FD000F8B5174D174F2E683C68317822460020BF
:107FE00000F034FBC4F1090416F8011F89B1122C0A
:107FF00005D82046002200F029FB0934F4E70420CC
:10800000FCF702FC3B680B4A0133092B0AD01360D2
:10801000F8BD122CF3D820460022202100F016FBD8
:108020000934F6E7002313602B6801332B60F8BD99
:10803000BC0000202016002007B5074B02A9D3F88A
:108040006832012201F8013D40F27F2002F020FB5E
:1080500003B05DF804FB00BF941700201FB5084B68
:10806000002253F8041F0DF802100132102AF8D133
:10807000694640F2AB7002F00BFB05B05DF804FB03
:10808000B81900201FB5084B002253F8041F0DF843
:1080900002100132102AF8D1694640F2EF1002F0C6
:1080A000F7FA05B05DF804FB78190020042807B53D
:1080B00011D80F4A02EB001302EB0012D3F89C31E7
:1080C000D2F8A42103F00F0392078DF8073005D5ED
:1080D00043F0200300E0FF238DF8073001220DF16B
:1080E000070100F2351002F0D3FA03B05DF804FB8B
:1080F0009417002007B5022897BF0B4BFF2303EB13
:108100000013D3F86C314FF0010298BF03F00F0356
:108110000DF1070100F225108DF8073002F0B8FAD2
:1081200003B05DF804FB00BF941700200D2807B5CD
:108130000ED80D4A142303FB0022936D126E03F038
:108140000F0392078DF8073005D543F0100300E0C8
:10815000FF238DF8073001220DF10701E53002F011
:1081600097FA03B05DF804FB9417002007B5064B9F
:1081700002A9DB6B012201F8013DDD2002F088FA43
:1081800003B05DF804FB00BF9417002007B5064B51
:1081900002A91B6C012201F8013DDC2002F078FAF3
:1081A00003B05DF804FB00BF9417002007B5064B31
:1081B00002A95B68012201F8013DDB2002F068FAA8
:1081C00003B05DF804FB00BF9417002007B5064B11
:1081D00002A91B69012201F8013DDA2002F058FAD8
:1081E00003B05DF804FB00BF9417002007B50B4BEC
:1081F00001A993F84D2040F2A1708DF8042093F866
:108200004E2093F84F308DF8052003228DF806306C
:1082100002F03EFA03B05DF804FB00BF94170020A3
:1082200007B50A4B01A993F84720D7208DF8042001
:1082300093F8482093F849308DF8052003228DF8F3
:10824000063002F025FA03B05DF804FB9417002015
:1082500007B5064B02A99B69012201F8013DBE202A
:1082600002F016FA03B05DF804FB00BF941700207B
:1082700007B5064B02A9DB68012201F8013DBD20CC
:1082800002F006FA03B05DF804FB00BF941700206B
:1082900007B5064B02A99B68012201F8013DA92000
:1082A00002F0F6F903B05DF804FB00BF941700205C
:1082B00007B5064B02A91B6A012201F8013DA8205F
:1082C00002F0E6F903B05DF804FB00BF941700204C
:1082D00007B5064B02A9DB69012201F8013DBC206C
:1082E00002F0D6F903B05DF804FB00BF941700203C
:1082F00007B5064B02A91B68012201F8013DA72022
:1083000002F0C6F903B05DF804FB00BF941700202B
:1083100038B50F4B0F4C1A681D46824215D9236899
:10832000984212D001232060636219B101460420F3
:10833000FEF738F8FFF7DCFF2068FEF7F3FAF9F7ED
:108340004FFFD5F8C035002BF9D0206838BD00BFED
:10835000140C00209417002007B50A4B01A993F8CC
:108360004420A4208DF8042093F8452093F846304B
:108370008DF8052003228DF8063002F089F903B04C
:108380005DF804FB941700200C4A0D49D2F8BC009C
:108390000C4B51F82010D2F8BC0083F847100A4962
:1083A00051F8201083F84810D2F8BC10074A52F850
:1083B000212083F84920FFF7A9BA00BF2C2500200F
:1083C00084D000089417002024D0000804CF0008AF
:1083D0000D4B5A68042A16D8DFE802F00306060996
:1083E0001300186BFCF786B80020FFF7BDBA3F22D8
:1083F00083F84720002283F8482083F84920FFF7BC
:1084000085BAFFF7C1BF704794170020084B5A691F
:108410001A6193F84A2083F8472093F84B2083F899
:10842000482093F84C2083F84920FFF76FBA00BF2B
:10843000941700200B4BDA681A6193F8442083F8F4
:10844000472093F8452083F8482093F8462083F886
:108450004920054A054B1178197051789278597066
:108460009A707047941700203B000020980000206D
:1084700010B50C4C0C48E26804F1440100F052F9CC
:108480006368033B012B04D9E3699B0701D5FFF720
:10849000D1FFE36A23B1BDE810400120FCF752B9D7
:1084A00010BD00BF941700203B00002070B5164C93
:1084B0000E46A06119B101460820FDF773FFA269BD
:1084C000114BE2B9DA680F2A08D00F22DA60FFF701
:1084D000CFFF0EB1FDF782FFFFF7CAFE23690A4DF9
:1084E0000F2B0CD00F232B61FFF710FA1EB1296957
:1084F0000E20FDF757FF23696361FFF767FEBDE8B4
:108500007040FFF7A5BE00BF941700200C4A0D492C
:10851000D2F8BC000C4B51F82010D2F8BC0083F804
:1085200044100A4951F8201083F84510D2F8BC10C5
:10853000074A52F8212083F84620FFF799BF00BF71
:108540002C25002084D000089417002024D0000897
:1085500004CF0008094B9A68012A02D0022A0AD0E7
:1085600070473F2283F84420002283F8452083F897
:108570004620FFF77DBFFFF7C9BF00BF941700205B
:10858000054906480B690F2B28BF0F238A3351F882
:1085900023204D31FBF720BF941700203800002026
:1085A00082B00023009301930B4B0193030F0093C0
:1085B000009B20F07F4013B1019B143302E0019B2C
:1085C000000C18330193019B1B68034214BF012068
:1085D000002002B0704700BF0054004038B5054687
:1085E00006242846FFF7DCFF40B9013C03D00120F8
:1085F000FCF78AFBF5E700F0D3FE00E001242046FB
:1086000038BD00000F4BDA684378D243C2F3022230
:10861000C2F1040103FA01F10F23D3408278134021
:108620000B43027808491B01DBB20A4482F800338D
:1086300003780122580903F01F0302FA03F341F8FB
:108640002030704700ED00E000E100E00B062DE96E
:10865000F74F22D5DC291BD007D8C4291CD0D62936
:1086600012D0B02916D1012117E0E4290AD003D88D
:10867000DF290FD1082110E0F62907D0FC2909D104
:1086800007210AE0052108E0032106E0062104E0B5
:10869000042102E0202100E00221204DCB0000F166
:1086A0005F0400932C4400230195C2F1070C4FF0A6
:1086B000010E4FF004084FF013092546184F561CC1
:1086C000002107EB030A082E01EB000712D8122F36
:1086D0000CD8009FC1EB0C0B1AF8077047FA0BF788
:1086E000FF074CBF85F8008085F800E001310136B6
:1086F0000135E8E709FB03F5122F06D8019E791929
:10870000314481F85FE00137F6E70133082B04F1CB
:108710001304D2D103B0BDE8F08F00BF3C16002097
:10872000E4D000080F2A28BF0F22034B7A3253F8F7
:108730002220FBF751BE00BF9417002070B5114BEB
:108740000146DA6A1E46E2B10F4D20233E22A81CE4
:108750002B706B700D4C02F021FF0D4B0022256039
:108760001A60FBF795FE4FF47A7523681B7843B1C6
:10877000FFF72EFCD6F8680268438009FCF7C4FABC
:10878000F3E770BD94170020E4240020BC00002013
:108790002016002007B5254B1868002842D0244930
:1087A0000A238A6892FBF3F003FB102202EB00120B
:1087B0008DF80020CA6892FBF3F003FB102202EB55
:1087C00000128DF801200A6992FBF3F003FB1022DE
:1087D00002EB00128DF802200A6A01328DF80320A4
:1087E0004A6992FBF3F003FB102202EB00128DF8B2
:1087F00004208A69013292FBF3F003FB102202EBA2
:1088000000128DF80520CA690020643A92FBF3F14A
:1088100003FB1123072203EB011369468DF8063091
:10882000FEF7B4F803B05DF804FB00BFA000002021
:108830002C25002070B505460E468AB0002456F857
:1088400024302A4600930649234602A802F036FE49
:10885000013402A8FDF77CFD402CF0D10AB070BDB8
:10886000E4D4000838B5044D0024285D013402F03A
:1088700081F9082CF9D138BD3016002013B5072234
:1088800069460020FEF790F8B8B39DF800100A2260
:108890000C0901F00F0102FB0411194B99609DF8BE
:1088A00001100C0901F00F0102FB0411D9609DF8C1
:1088B00002100C0901F00F0102FB041119619DF86F
:1088C0000310013919629DF804100C0901F00F0121
:1088D00002FB041159619DF805100C0901F00F010C
:1088E00002FB04119DF8064001399961210904F049
:1088F0000F0402FB01426432DA6102B010BD00BF16
:108900002C250020384B82B01A6842F001021A6010
:108910005968364A0A405A601A6822F0847222F472
:1089200080321A601A6822F480221A605A6822F48F
:10893000FE025A604FF41F029A60002200920192D8
:108940001A6842F480321A601A6802F40032019206
:10895000009A01320092019A1AB9009AB2F5A06FFA
:10896000F2D11A6812F4003218BF01220192019A62
:10897000012A05D01E4B4FF000629A6002B070478A
:108980001C4A116841F010011160116821F00301C7
:108990001160116841F0020111605A685A605A680A
:1089A0005A605A6842F480625A605A6822F47C1213
:1089B0005A605A6842F4E8125A601A6842F08072AB
:1089C0001A601968084A8901FBD5516821F0030132
:1089D0005160516841F0020151605A6802F00C0286
:1089E000082AFAD1C6E700BF001002400000FFF8D5
:1089F00000ED00E000200240012310B5C1F3421455
:108A000001F01F029C4203FA02F201D1838903E0C4
:108A1000022C0CBF038A838A9BB21340028892B255
:108A200043B10123090A03FA01F10A4214BF1846AF
:108A3000002010BD184610BD10B51C4A536803F045
:108A40000C03042B01D0082B01D0194B0EE0536806
:108A50005168C3F38343CC0303F1020302D5516889
:108A6000890301D5134900E011494B430360536862
:108A7000114CC3F30313E15C0368CB4043605168BE
:108A8000C1F30221615C23FA01F181605168C1F3F5
:108A9000C221615CCB40C36052680849C2F3813295
:108AA0008A5CB3FBF2F3036110BD00BF001002400B
:108AB00000127A0000093D00AC0000209B0000205D
:108AC00070B50E460446038A86B023F440531B0457
:108AD0001B0C038282898988338992B20B43718986
:108AE00022F4B0520B4322F00C0213439BB2838159
:108AF000838AB2899BB223F440731343838201A813
:108B0000FFF79AFF164A039B049D3168944218BFF1
:108B10001D4619226A43A389642613F4004F14BF2B
:108B20004D008D00B2FBF5F5B5FBF6F0A289000112
:108B30000109120406FB115307D5D9003231B1FBEC
:108B4000F6F202F00702104306E01A013232B2FBDD
:108B5000F6F303F00F03184380B2208106B070BD16
:108B600000380140044B1A6942F400121A611A6974
:108B700022F400121A61704700100240CA78F0B562
:108B800002F00F03D20644BF8A7813430A78F2B189
:108B90000268002401274FF00F0E0D8807FA04F633
:108BA00036EA05050FD1A5000EFA05FC22EA0C02F3
:108BB00003FA05F52A43CD78282D01D1466102E05C
:108BC000482D08BF06610134082CE6D102600A88EE
:108BD000FF2A20D94268002401274FF00F0E04F12C
:108BE00008050E8807FA05F535EA06060FD1A60036
:108BF0000EFA06FC22EA0C0203FA06F63243CE789D
:108C0000282E08BF4561CE78482E08BF0561013483
:108C1000082CE4D14260F0BD2DE9F041364B4FF411
:108C2000E13786B01F604FF41653002402930C26E0
:108C3000324BADF80C40ADF80E40ADF81040ADF839
:108C40001260ADF814409A692D4D42F004029A6109
:108C50009A694FF0030842F004029A61DA696946A2
:108C600042F40032DA610423ADF8003028461823BC
:108C70008DF803308DF80280FFF780FF0823ADF8F0
:108C80000030694648232846A5F544458DF8033051
:108C90008DF80280FFF772FFAB8902A96FEA4343A8
:108CA0006FEA53439BB2AB8128460297ADF80C4064
:108CB000ADF80E40ADF81040ADF81440ADF81260BC
:108CC000FFF7FEFEAB890F4A9BB243F40053AB8122
:108CD000136801A843F02003136026238DF80430A5
:108CE00001238DF805408DF806408DF80730FFF719
:108CF00089FC06B0BDE8F081081A0020001002408F
:108D0000000801400C440040F0B5384B87B01A68A9
:108D1000B2F5E13F67D04FF4E1371F604FF41653CF
:108D2000002402930C26324BADF80C40ADF80E40F7
:108D3000ADF81040ADF81260ADF814409A69032503
:108D400042F004029A619A69694642F004029A610B
:108D50009A69284842F480429A614FF40073ADF852
:108D6000003018238DF803308DF80250FFF706FF0E
:108D70004FF480638DF802501F4DADF80030694606
:108D800048231C488DF80330FFF7F8FEAB892846CE
:108D90006FEA43436FEA53439BB2AB8102A9029748
:108DA000ADF80C40ADF80E40ADF81040ADF81440F1
:108DB000ADF81260FFF784FEAB89104A9BB243F412
:108DC0000053AB81136801A843F0200313602523EF
:108DD0008DF8043001238DF805408DF806408DF89C
:108DE0000730FFF70FFC07B0F0BD00BF0C1A0020E2
:108DF0000010024000080140003801400C380140DA
:108E0000B0F5E77F30B50FD240F26A55074B00EB63
:108E100040001B680C7805FB0300054A1454131826
:108E20004A785A708A789A7030BD00BFF4250020C5
:108E3000101A0020064AD36B1844136C984228BFBE
:108E4000C01A772803D800F5AB70FFF7D9BF704779
:108E500094170020F8B5B0F5E77F2B4B28BF4FF4EF
:108E6000E7701C68002CFCD1284D294E2B68294A3C
:108E70003360B3FA83F35B092B60274B40F26A57E8
:108E80001C60264B1C6018234343ED331360244BB6
:108E900018602046FDF720F90120FDF71DF94FF677
:108EA000FE71194B01221A601E4A138823F0010338
:108EB0001B041B0C13801C4B1868014019603021E7
:108EC0005960196841F006011960196841F0010103
:108ED0001960138815499BB243F00103138033686E
:108EE00004EB440007FB03032A680B4407FB020260
:108EF0001888013488529B7801EB020EB4F5E77FA5
:108F00008EF80230EBD1F8BD38160020F425002091
:108F100024160020281600202C16002028250020CA
:108F2000F8250020002C01401C000240101A0020EF
:108F30002DE9F0411E4D14462A88074692B242F4AC
:108F400080722A801B480E469846FFF747FB18B3ED
:108F50002B88B8F1000F04D023F480631B041B0C92
:108F600002E09BB243F480632B80114D07F0FE07B3
:108F70002F821148FFF732FB90B110482B8BFFF77F
:108F80002DFB88B1F3B214B1C6F307262E829BB233
:108F90002B820020BDE8F0814FF0FF30BDE8F0816A
:108FA0006FF00100BDE8F0816FF00200BDE8F081D4
:108FB000005400400100001002000010800000106A
:108FC000F0B587B0FFF7CEFD2C4D2D4B01A81E68E4
:108FD000AC882C4FFFF730FD039A24F03F04B2FB1E
:108FE000F7F72404240CB8B20443AC802988264B3C
:108FF00021F001010904090C9E4229804FEA460331
:1090000009D8B2FBF3F301309BB2032B80B298BFB7
:109010000423288416E03344B2FBF3F39BB2C3F37A
:109020000B020AB943F001034FF4967101FB07F2FA
:109030004FF47A7192FBF1F21049013292B243F48B
:1090400000430A840D4A938313889BB243F00103C3
:109050001380138823F4816323F002031B041B0C89
:1090600043F4806313804FF48043138113889BB2D1
:1090700043F00103138007B0F0BD00BF005400406F
:109080000026002040420F00A086010030B50E49A6
:109090000B680D4A7F2BFBD80C4B0D4D1C68C0B2E2
:1090A000611C7F29196088BF0021285588BF19607D
:1090B00072B613680133136062B6064A136843F050
:1090C0008003136030BD00BF540B0020FC2500203E
:1090D000C40A00200C38014008B50A4B1B680BB9C4
:1090E000002008BD02220849E12001F0D1FA002841
:1090F000F6D002220549E32001F0CAFA003018BF79
:10910000012008BDD81100201C0000201E000020F6
:1091100070B52C4A2C4C516A2368994205D8956A3F
:10912000AB4202D2D66B294D08E0D16A254D8B4265
:109130000FD32E6BB3420CD2EE6B254D2EB1591AC4
:109140002E6800FA01F1314302E0296840EA41014A
:1091500029601268032A09D1A3F11102032A2DD82C
:109160001C4990400A681043086027E0052A25D171
:10917000A3F11402032A06D8154DA3F1080200FA40
:1091800002F12A6807E0A3F11801032906D8124D5D
:1091900000FA02F229680A432A6001E02F2B0DD859
:1091A00003F007060122D9080C4DB24010B1685CEB
:1091B000024302E0685C20EA02026A540133236041
:1091C00070BD00BF24090020600B0020B40A0020FD
:1091D00084090020500B002094090020440B00203B
:1091E00070B5254C2368002B31D0244A244B1168DC
:1091F000022911D003292CD11D681968C943C9B2AD
:10920000B1EB152F1FD11968C9B219601D490D683E
:10921000196841EA052114E01D681968C943C9B2FB
:10922000B1EB152F0BD048F2EE71174D2E688E4220
:1092300009D10B2111601968C1F307212960196850
:10924000C9B2196005E000200023236070BD1846F4
:1092500070BD12680C4D02702A680C49A0F80120FC
:109260001A68A0F803200A68427100221A600120DF
:109270002A600A60E8E700BF800900201809002082
:1092800078090020780B00206809002020090020C0
:109290002DE9F3473C4B3D4C18600746FFF762FC55
:1092A000A3693B4D43F00803A3614FF00208142368
:1092B00001A9284640268DF807308DF80680ADF8C4
:1092C0000460FFF75BFC04238DF8073001A98023BD
:1092D0002846ADF804308DF80680FFF74FFCAB68E8
:1092E0001A063DD54FF04009CA46294E0925C6F851
:1092F00010A00120FBF708FDB368DFF8948013F09D
:10930000800F32D04023C8F810300120FBF7FCFC5E
:10931000D8F808301B0630D5E36901A943F40013DF
:10932000E361A3691A4843F00803A361236943F486
:1093300000132361236923F400132361C023ADF8D4
:1093400004301C238DF8073003238DF80630FFF717
:1093500015FC104B1F60FFF733FE02B0BDE8F0872D
:109360006E610120FBF7D0FCBCE7C6F81490012029
:10937000FBF7CAFC013DBAD1C4E70748FCF70CF97A
:109380000648FCF709F9C7E7080C00200010024066
:10939000000C014000260020F2D40008B8C10008EB
:1093A00008B50B4A13889BB243F4007313801388EB
:1093B0006FEA43436FEA53439BB213801388C3F3AE
:1093C0000E031380FFF7CEFBBDE80840FFF7F8BDA2
:1093D0000054004070B506460D4606243046FFF79F
:1093E000DFF840B9013C03D00120FBF78DFCF5E725
:1093F000FFF7D6FF05E02846FFF7D2F80028F1D0A6
:109400000124204670BD000070B51C460023FFF704
:109410008FFD20BB1248FFF7E1F8E8B1049B114E25
:10942000E518AC420F4A0BD014F8013B0E493382C9
:109430000B48FFF7CFFF0028F3D16FF003000EE0D9
:1094400013889BB243F4007313804FF40030FFF78E
:10945000A7F80028F9D170BD6FF0020070BD70BD93
:109460008000001000540040040000102DE9F0417D
:10947000069F1E467C1E634263418046FFF758FDEF
:109480000546002845D12C492C48FFF7A3FF0028AA
:1094900041D02B4C2B4823889BB243F4807323800C
:1094A000FFF79CF800283AD048F001085FFA88F8E6
:1094B000A4F810802448FFF791F8002833D0238BBC
:1094C000013EAF421CD00135AF4207D01F48FFF725
:1094D00085F860B3238A06F8013FF2E7228822F478
:1094E00080621204120C2280228892B242F400722E
:1094F00022804FF40030FFF753F80028F9D1E5E758
:109500000F4A002013889BB243F480631380BDE8A8
:10951000F081BDE8F0816FF00300BDE8F0816FF0ED
:109520000400BDE8F0816FF00500BDE8F0816FF048
:109530000600BDE8F08100BF0400001080000010AC
:109540000054004001000010020000104000001014
:10955000F7B505460C46002A43D02E48FCF71CF808
:10956000284601F0FEFF2E462F18BE4211D016F8F5
:10957000012BA2F120035E2B03D81046FFF786FDD6
:10958000F3E72549684601F099FF6846FCF704F8BF
:10959000EBE70CB32020FFF779FD2220FFF776FDE3
:1095A000204601F0DEFF26462718BE4211D016F8ED
:1095B000012BA2F120035E2B03D81046FFF766FDB6
:1095C000F3E71549684601F079FF6846FBF7E4FFC9
:1095D000EBE72220FFF75AFD1048FBF7DDFFFBF712
:1095E000D3FF284601F030F85CB1202001F006F8E6
:1095F000222001F003F8204601F026F8222000F096
:10960000FDFF074801F020F8064A1368002BFCD143
:1096100003B0F0BD0ED5000813D500081AD5000818
:10962000B8C10008880B002001460148FCF73EBD88
:1096300028D50008044B186828B14022034940F29D
:10964000FF1001F025B87047D811002058250020E0
:1096500010B50B4C23680BB9002010BDFFF7EAFFD3
:109660000028F9D02368002BF6D04022054940F2AB
:109670003F2001F00DF8003018BF012010BD00BFE1
:10968000D8110020982500202DE9F04FCE4D9BB039
:109690002B68002B00F0D184CC48FBF77DFFCC4831
:1096A000FBF77AFF2B6823B10422CA49002001F09E
:1096B0001FF8C84EC8483168FCF7F8FC336823F43B
:1096C0007F0424F47F44002C40F0C884A3F5823248
:1096D000A2F58072B2F5823F00F2C084BF4F1A0C2F
:1096E00030321B0A30333A70BD482E22BB707A707C
:1096F0003C71FBF751FFB648FBF74EFF2B681BB3DD
:10970000DFF8088304EB8400052210A9043000F080
:10971000EFFF062363439DF8401003EB080203F8B4
:1097200008109DF842109DF84130013443EA0123AE
:10973000A2F801309DF844109DF84330142C43EA00
:109740000123A2F80330DDD12B68002B00F0348216
:109750003F238DF81C30A34B4FF003091A889B78E8
:1097600000248DF822303C238DF80F3016238DF81D
:1097700010300723ADF820208DF813304A460F2310
:1097800006A9A4208DF81530D6F800808DF80A407F
:109790008DF81D408DF81E408DF80B408DF80C4063
:1097A0008DF811408DF812408DF8179000F0A0FF51
:1097B00001220DF10D01A72000F09AFF01220DF109
:1097C0001101A82000F094FF012205A9BD2000F09E
:1097D0008FFF01220DF11601BE2000F089FFB8F5C0
:1097E000843FC0F0158101220DF11201A92000F083
:1097F0007FFF7D4B984540F20B8101220DF1130153
:10980000BC2000F075FF4A4607A9D72000F070FF82
:1098100001220DF11501DA2000F06AFF01220DF19D
:109820000E01DB2000F064FFB8F5003FC0F0F080CF
:1098300001220DF10F01DC2000F05AFF012204A9E2
:10984000DD2000F055FF694B984540F2E1800DF1B5
:10985000300B0E225946E5200DF1240A00F048FF96
:109860004A46514640F225100DF1280900F040FF0C
:109870000522494640F2351000F03AFF5C4A114695
:109880001BF80430FF2B0BD013F0100F03F00F0068
:10989000136E906514BF43F0020323F002031366B6
:1098A00001340E2C02F11402EAD100231AF803202D
:1098B000FF2A1CBF01EB031002F00F0203F10103AA
:1098C00018BFC0F86C21032BF0D100200346D1F85B
:1098D000B421DFF828E119F80340FF2C10D001EB88
:1098E000031C04F00F0AF045CCF89CA108D9012B09
:1098F00006D1A40601D40223EDE7184642F0020285
:109900000133052BE7D108B1C1F8B421394B984593
:109910007ED901220DF10A0140F2451000F0E8FE67
:1099200001220DF10B014FF4A37000F0E1FEB8F538
:10993000013F6DD90DF140094946102240F2EF1068
:1099400000F0D6FE2C4B00240F2119F8042001341E
:109950000F2A8CBF19601A60102C03F10403F4D194
:10996000264B984554D901220DF1170140F27F2072
:1099700000F0BEFE224B98454AD9032208A940F2C6
:10998000A17000F0B5FE012203A94FF4A37000F00E
:10999000AFFE06221B4940F2A57000F0A9FE224648
:1099A000494640F2AB7000F0A3FE174A00230F2097
:1099B00019F8031001330F298CBF10601160102BB0
:1099C00002F10402F4D12BE0D811002081BE00087E
:1099D000B8C100084C00002046D500082C25002006
:1099E00067D5000825D50008FF080100FF00020028
:1099F00094170020FF0102007C190020FF050200DF
:109A0000FF080200001A0020BC1900208C0B002067
:109A1000C14B03F1400253F8041F93421964FAD179
:109A20009DF80E30BD4C042B84BF00238DF80E3002
:109A30009DF811300D2B84BF00238DF811309DF857
:109A40001230022B84BF00238DF812309DF818309D
:109A50003F2B84BF3F238DF818309DF819303F2BE2
:109A600084BF3F238DF819309DF81A303F2B84BFF7
:109A70003F238DF81A309DF81C303F2B84BF3F23C5
:109A80008DF81C309DF81D303F2B84BF3F238DF88F
:109A90001D309DF81E303F2B84BF3F238DF81E30B4
:109AA0009DF814300F2B84BF0F238DF814309DF8D0
:109AB00015300F2B84BF0F238DF815309DF816300D
:109AC000012B1CBF00238DF816309DF80F30782B2A
:109AD00084BF78238DF80F309DF81030772B84BF2A
:109AE00016238DF810309DF81730102B84BF0323F8
:109AF0008DF817309DF80D3023609DF80E309DF8DD
:109B00001C0063609DF813309DF81D10E3619DF803
:109B100011309DF81E2023629DF812309DF816E04A
:109B2000A3609DF8183084F8470084F844309DF80D
:109B3000193084F8481084F845309DF81A3084F8BC
:109B4000492084F846309DF82030C4F818E084F8A5
:109B50004D309DF8213084F84E309DF8223084F845
:109B60004F309DF81430E3609DF8153023619DF867
:109B70000FE084F84A00C4F840E09DF810E084F853
:109B80004B10C4F83CE04FF0000E84F84C206361A9
:109B9000D4F82C80C4F82CE0FDF7B8FEFEF7F0FCFA
:109BA000FEF766FC9DF81730C4F82C80C4F86832C4
:109BB000FEF7D0FCFEF70CFC2B68594CA3B1102229
:109BC0002146AA2000F094FD70B1022210A9BA200B
:109BD00000F08EFD40B19DF840209DF841302D2AC7
:109BE000636108D15B4205E010224E494C4801F008
:109BF000D5FC012363612B68002B59D03368B3F582
:109C0000023F55D300241AA901F8384D01224FF420
:109C1000287000F06DFD9DF830304FF000091F2BCB
:109C200088BF8DF83040404C9DF83030A24623600C
:109C30004FF0280B0DF16703DAF8002004F1440817
:109C4000914535D20BFB09F0282210A900F2A12082
:109C5000019300F04DFD9DF84020019B48F8402CF9
:109C60009DF841201C3448F83C2C9DF8422048F8CF
:109C7000382C9DF8432048F8342CBDF8442048F88F
:109C8000302C9DF8462048F82C2C0DF1470252F854
:109C9000041B9A4244F8041BF9D1002208F8082C4E
:109CA0009DF8672009F1010948F8042C4446C3E7F0
:109CB0002B68002B6FD0D6F800901C4B99456AD9C1
:109CC00010AC18222146BF2000F012FDA0B34FF0C7
:109CD000000843464046164A4FF03C0EE15C08320D
:109CE00042F80C1CE118033304EB030C49781CF810
:109CF00001CC0EFB01C1B1F5B46F42F8081C82BF64
:109D000042F80C0C42F8080C4FF00108182BE5D172
:109D1000084B99453AD913E0781900209417002090
:109D20007800002084D50008082A0020FF060100E2
:109D30003C290020FF0402009C4B99452BD980460A
:109D40001822214640F2D71000F0D2FCF0B10023D7
:109D50001846974A4FF03C0EE15C083242F80C1C62
:109D6000E118033304EB030C49781CF801CC0EFB1B
:109D700001C1B1F5B46F42F8081C82BF42F80C0C67
:109D800042F8080C4FF00108182BE5D1B8F1000F8C
:109D900001D000F0B7FF2B686BB33268854B9A4255
:109DA00029D910AC182221464FF4227000F0A0FCF3
:109DB00008B300210B468E467F4A4FF03C0CE05C16
:109DC000083242F80C0CE018033304EB0308407827
:109DD00018F8018C0CFB0080B0F5B46F42F8080C49
:109DE00082BF42F80CEC42F808EC0121182BE6D1B6
:109DF00009B1FBF713FB3268704B9A4259D92B68B3
:109E00007BB1012210A9DF2000F072FC9DF84030E8
:109E10000A2B84BF00238DF840309DF84020684B0A
:109E20001A602B689BB13268644B9A4208D90122B0
:109E300010A9DE2000F05CFC9DF840300A2B02D90E
:109E400000238DF840309DF840205E4B5A602B680F
:109E5000002B2ED03268594B9A422AD902225A49F5
:109E6000E12000F045FC02225849E32000F040FCCC
:109E7000574B9A88D988B2F5805F4FF0000224BF13
:109E80009A800122B1F5805F22BF40F6FF71504AEF
:109E9000D180D8889B8828BF012298424C4905D898
:109EA00000238B8040F6FF73CB8000E00AB1FFF700
:109EB00013F93268474B9A423AD92B68C3B3464CE0
:109EC0002022214640F2471000F012FC80B32022ED
:109ED00004F1210140F2671000F00AFC40B30822AF
:109EE00004F1420140F2871000F002FC00B30822A6
:109EF00004F14B0140F28F1000F0FAFBC0B123785F
:109F0000FF2B0BD094F82130FF2B07D094F8423070
:109F1000FF2B03D094F84B30FF2B09D10023237083
:109F200084F8213084F8423084F84B30FCF7E0F9B3
:109F30002B68002B5ED032681E4B284C9A424FD9BA
:109F4000012207A94FF4207000F0D2FB02220CA9D5
:109F500040F2812000F0CCFB022210A940F28320C5
:109F600000F0C6FB012208A940F2852000F0C0FBEA
:109F7000012209A940F2862000F0BAFB01220AA9B9
:109F800040F2872000F0B4FB9DF81C30A360BDF8C0
:109F90003030E360BDF8403023619DF820306361CC
:109FA0009DF82430A3619DF8283022E0FF040200D0
:109FB00080290020FF06020000080020FF000200A8
:109FC00090000020A00000201C0000201E000020A7
:109FD00018000020FF010200E41200209C01002074
:109FE0001E23A3600023E360236163610723A36151
:109FF0000523E3612B683BB332681A4B9A4223D99D
:10A000004022194940F2FF1000F072FBE0B1174BFB
:10A010001B68CBB14022164940F23F2000F068FB9C
:10A0200090B197F82C30613B192B0DD8114B93F858
:10A030006C30613B192B11D906E00F48FBF7ACFAE5
:10A040000E48FBF7A9FA09E00D49074801F081FA2B
:10A050000C49074801F07DFAFFF7FAFA1BB0BDE89A
:10A06000F08F00BFFF05020058250020D811002006
:10A07000982500202C25002092BE0008B8C10008B9
:10A0800057BD000869BD0008044B186820B10422C0
:10A090000349002000F0FCBA704700BFD81100202F
:10A0A0004C0000202DE9F7431C4D02278DF8067067
:10A0B000AB691B4C43F004031026AB614FF0010960
:10A0C00001A92046ADF804908DF80760FEF756FD13
:10A0D000AB694FF0200843F00403AB6101A92046AF
:10A0E000ADF804808DF806708DF80760FEF746FD28
:10A0F000AB6901A943F00403AB612046ADF80460ED
:10A100008DF806708DF80760FEF738FDC4F81090E2
:10A11000C4F81080266103B0BDE8F083001002404F
:10A120000008014010B50A4A0A4C1368591CB1F5E1
:10A13000807FE35C116004BF00211160DBB272B666
:10A1400005490A68013A0A6062B60360012010BD41
:10A15000942700209C270020F00500202DE9F341E2
:10A16000FBF712FAA64A1368002BFCD1A54E336800
:10A17000002B00F0CD81DFF89482A34F3368002BD1
:10A1800000F0C68101A8FFF7CDFF002800F0C081D4
:10A19000019A01230A2AC8F800309C4C40F0AC8197
:10A1A0003A689B4D0023AB54002A00F0A281964AE6
:10A1B00013602B782E2B03D16B78002B00F0AA8133
:10A1C00005229449924801F0D4F930B93F229249CE
:10A1D000924801F0E3F90D20A5E1052290498C4851
:10A1E00001F0C7F930B93F228B498C4801F0D6F90C
:10A1F0000F2098E103228B49854801F0BAF9002825
:10A2000058D18949824801F09AF9002800F08481E8
:10A2100005228649864801F0ACF9064640B9142269
:10A2200084497E4801F0BAF984F8606010207AE130
:10A23000052281497E4801F09CF9064640B9082272
:10A240007C49764801F0AAF984F8546011206AE14B
:10A2500002227A49764801F08CF9064640B910226C
:10A260006D496E4801F09AF984F85C6012205AE159
:10A27000022273496E4801F07CF9064640B910226B
:10A280006549664801F08AF984F85C6013204AE168
:10A2900002226C49664801F06CF90646002840F03D
:10A2A000268110225C495D4801F078F984F85C60F1
:10A2B000142038E16448FBF76FF95548FBF76CF957
:10A2C0006248FBF769F9FBF75FF9022260495048E1
:10A2D00001F04FF9002800F01D8105225D494C482E
:10A2E00001F047F9002800F0198102225A49484834
:10A2F00001F03FF9002800F013810A225749444831
:10A3000001F037F940B90F225549564801F046F996
:10A3100001236360042006E1032253493C4801F015
:10A3200028F930B91F224249504801F037F9052079
:10A33000F9E005224E49364801F01BF958B90222CE
:10A340004C49354801F015F908B9022300E0012312
:10A35000A3600620E7E0052247492D4801F009F9EE
:10A3600030B90F222C492D4801F018F90720DAE006
:10A3700008224249264801F0FCF830B93F222D4915
:10A38000264801F00BF90A20CDE00B223C49204879
:10A3900001F0EFF830B93F223A49204801F0FEF8C9
:10A3A0001520C0E006223849194801F0E2F80646B7
:10A3B00040B902223549194801F0F0F884F84E609E
:10A3C0000B20B0E009223249114801F0D2F80646CC
:10A3D00040B902222F49114801F0E0F884F84E609C
:10A3E0001620A0E009222C49094801F0C2F80028F3
:10A3F00056D10F222749294801F0D0F8082092E0D1
:10A40000880B0020F00500200426002070070020A3
:10A410009026002093D5000895260020BC07002038
:10A42000FFD5000899D500089DD50008A4D50008DF
:10A430009326002098260020AAD50008B0D5000851
:10A44000B3D50008B6D50008B9D50008BBD50008BB
:10A45000BFD50008C2D50008C8D50008CBD5000874
:10A460009A260020AC070020D6D500088C070020D3
:10A47000DAD50008E0D50008E3D50008E9D50008E2
:10A48000F2D500089B260020FED500089626002065
:10A4900005D60008992600200FD600087C0700206A
:10A4A00004222349234801F064F830B93F222249AD
:10A4B000224801F073F8092035E0052220491D48A3
:10A4C00001F057F830B93F221E491C4801F066F8E8
:10A4D0000C2028E005221C49164801F04AF8002803
:10A4E0003FF474AE1949134801F029F8D0B1FF20A8
:10A4F00019E0FBF749F841E60D2A3FF43FAE3B680F
:10A50000FF2B3FF63BAE591C39600A49CA5435E669
:10A5100000200AE0012006E0172004E0022002E00B
:10A52000032000E00E2000232B7002B0BDE8F08174
:10A5300019D600089026002094260020BC07002091
:10A540001ED600089526002093D5000824D60008C2
:10A5500038B5224C40F225512046FEF74DFAB8B1ED
:10A560004FF6DF7323801E4BA288196892B2FF2931
:10A570000ED81C491C4D0C68D2B2601CFF282A550D
:10A5800088BF0022086088BF0A601A6801321A601A
:10A59000124C40F227712046FEF72EFAE8B14FF632
:10A5A0007F73124A2380136893B11149114C0B68D1
:10A5B000581C8028086008BF0020E35C08BF0860C2
:10A5C0001168DBB201391160044A9BB2938038BD37
:10A5D000094A136823F08003136038BD004400402B
:10A5E000F00500209C2800209C270020880B0020DC
:10A5F0008C260020082600200C44004030B50E496F
:10A600000B680D4A7F2BFBD80C4B0D4D1C68C0B25C
:10A61000611C7F29196088BF0021285588BF1960F7
:10A6200072B613680133136062B6064A136843F0CA
:10A630008003136030BD00BF880B002088260020F7
:10A64000082600200C44004010B5441E14F8010FE9
:10A6500010B1FFF7D3FFF9E710BD000000B591B0CE
:10A660000B4602460749684600F028FF012269466A
:10A670000548FEF76DFF054B00221A6011B05DF82A
:10A6800004FB00BF2AD6000858C100088408002037
:10A690002DE9F743134B80461B680E460BB900208B
:10A6A0001DE0114F0C46B9468D18C6EB0801AC42AF
:10A6B00021444FF0010211D00C480092234600685B
:10A6C000FEF7A2FE0028EAD110233A68002AFCD047
:10A6D000013BC9F80000F8D10134E6E7104603B0A9
:10A6E000BDE8F083D8110020B80A00209827002088
:10A6F00013B50B4608490C6854B10146074800924F
:10A7000000680122FEF7B2FEB0FA80F0400900E0D6
:10A71000204602B010BD00BFD811002098270020AD
:10A72000F0B5104B85B01B68984201D0FEF7B0FD24
:10A730000D4E002401276000012540F0A000009785
:10A740000DF10F032A4600213060FEF78FFE10B98D
:10A75000064B1D6002E00134082CECD1034B186855
:10A7600005B0F0BD080C002098270020D81100206B
:10A77000F8B51B4B0A46D3F8C035002B2FD0194B28
:10A78000DB69DC0704D419B11E394B424B4100E0B0
:10A79000012301461448FCF75FF800B300231A4672
:10A7A0001846124C1249104D124E23700B70475D23
:10A7B0002FB10F2A9FBFB0540132D2B20123013012
:10A7C0008028F4D103B10A700B7843B1094B0F20F4
:10A7D000197841F40071FAF7BFF901232370F8BD2D
:10A7E000140C002094170020B428002034290020E5
:10A7F00035290020A428002038B50E4CE06209B1AC
:10A80000FDF710F90C4BE16A5B68002914BF0C25B9
:10A81000142513B10320FBF7C5FDE26A074B12B9FB
:10A82000044A126B0AB1002200E001221A60284695
:10A8300038BD00BF9417002070070020A02800201A
:10A84000F8B5644C2368002B00F0C280624B634D66
:10A850001A681E46AA4200F0BB8029466048FBF7F2
:10A8600025FC3560FCF720F910B95E48FEF7DCFEE8
:10A870002368002B55D0FDF76FFDFDF739FDFDF77F
:10A8800027FDFDF715FDFDF703FDFDF7F1FCFDF7D5
:10A89000DFFCFDF7C5FCFDF7A9FCFDF797FCFDF714
:10A8A00085FCFDF773FCFDF761FC002528460135AA
:10A8B000FDF73CFC402DF9D1002528460135FDF778
:10A8C00019FC102DF9D1002528460135FDF7EEFBC6
:10A8D000102DF9D1FDF7D6FBFDF7C0FBFDF7ACFB62
:10A8E0000622414940F2A570FFF7D2FE23685BB112
:10A8F00000F030F93D4F00253B689D4207D22846C5
:10A9000000F0EAF80135F7E73948FEF78DFE2368D5
:10A91000002B55D010223749AA20FFF7B9FE20B9E5
:10A920004EE03548FEF780FEE0E7FBF7BBFD002870
:10A9300046D000F0E7F910B93048FEF775FEFAF797
:10A940006DFD10B92E48FEF76FFEFBF72DFF10B915
:10A950002C48FEF769FEFCF701F810B92A48FEF70B
:10A9600063FEFEF7B9FB10B92848FEF75DFEFBF762
:10A97000BFFC10B92648FEF757FE236823B3FAF749
:10A98000DBF8FAF7C5F8FAF7AFF8FAF79DF8FAF737
:10A990008BF8FAF779F8FEF75BFE10B91D48FEF761
:10A9A00043FEFFF771FB10B91B48FEF73DFE1B4845
:10A9B000FAF7F2FD1A48FAF7EFFD084B3360F8BDDD
:10A9C0001848FEF731FEB4E71748FEF72DFEE2E720
:10A9D000F8BD00BFD81100204C0000200009020083
:10A9E00032D6000858D60008001A0020082A002095
:10A9F00027D700087800002011D7000861D600088A
:10AA00007AD6000893D60008ADD60008BFD6000855
:10AA1000D1D60008E7D600088DCB00080CD7000877
:10AA2000B8C100083DD7000856D70008F8B5274E32
:10AA3000442404FB00630F4619690546062936D8ED
:10AA4000DFE801F038040C151D252D003846FAF713
:10AA500013FC1F4B04FB0564DB6906E03846FAF77C
:10AA60000BFC04FB05641A4B5B6A636122E0384609
:10AA7000FAF702FC164B04FB0564DB6BF5E738467E
:10AA8000FAF7FAFB124B04FB05641B6CEDE7384642
:10AA9000FAF7F2FB0E4B04FB05645B6CE5E7384606
:10AAA000FAF7EAFB0A4B04FB05649B6CDDE70948F7
:10AAB000FBF7FCFA442303FB0565AA693946013A12
:10AAC0006869FAF77FFB6864F8BD00BF082A0020B8
:10AAD000BC2900206DD700084423F0B543431C492E
:10AAE0000446CA1850688BB08DF80000906818337F
:10AAF0008DF80100D0680B448DF8020010691F1D0D
:10AB00008DF80300506992698DF804008DF80620D5
:10AB10000A46000A8DF805000DF1070624333D466C
:10AB200003CD9D42306071602F4606F10806F6D1D4
:10AB3000442101FB0421282202FB04F00B6C00F2EB
:10AB4000A12069468DF82730FFF7A2FD0BB0F0BDBC
:10AB5000082A002007B5064B02A91B68012201F84C
:10AB6000013D4FF42870FFF793FD03B05DF804FB3F
:10AB7000082A00202DE9F04180460D4D08270124C8
:10AB8000202618EA040F6E6105D00520FAF7A8FA0E
:10AB90002E61502004E05020FAF7A2FA2E61052021
:10ABA000FAF79EFA6400013FE4B2EAD1BDE8F08111
:10ABB000000C014038B5084C202565610520FAF7E6
:10ABC0008FFA25610A20FAF78BFAA4683220FAF787
:10ABD00087FAC4F3401038BD000C01402DE9F04164
:10ABE000054600EB010845450DD008270124002645
:10ABF000FFF7E0FF00B126436400013FE4B2F7D164
:10AC000005F8016BEFE7BDE8F081000038B51A4D9B
:10AC100020246420FAF764FA6C614FF40C70FAF7A0
:10AC20005FFA2C611420FAF75BFA144A3C23136094
:10AC300000231C46A96889061AD50CB103B913680C
:10AC400011680029F6D12CB11BB1E31A03EB830480
:10AC500000E01C463220FAF743FA074B78209D6843
:10AC6000FAF73EFA1E2C8CBFC5F34010002038BD09
:10AC7000002CE5D11468E3E7000C0140782900209E
:10AC800070B51E4D1E4C002814BF2046284600F10A
:10AC90000806483056F8085C2C0627D556F8044CB0
:10ACA0009C4223D105F0400411B1B4FA84F4640944
:10ACB000E4B1C5F3C20405F00705AC4203D1A51AFF
:10ACC0006C426C4111E008D2944204D8954234BFE2
:10ACD0000024012409E0002407E0954204D29442B4
:10ACE0008CBF0024012400E0012424B908368642E8
:10ACF000D0D1002070BD012070BD00BF38290020D8
:10AD00007C29002070B5204B86B01868002839D007
:10AD10000DF1010422461D4E00233C2099590332B7
:10AD200002F8041CF1184D680833B5FBF0F102F885
:10AD3000031C00FB1151402B02F8021CEED118221B
:10AD40006946BF20FFF7A4FCE0B1114D00233C2170
:10AD50005A59033404F8042CEA1850680833B0FB3D
:10AD6000F1F204F8032C01FB1202402B04F8022C30
:10AD7000EED11822694640F2D710FFF789FC003067
:10AD800018BF012006B070BDD8110020382900205E
:10AD90007C2900200B4AD3681269934206D2834271
:10ADA0000CD882422CBF00200120704706D9824275
:10ADB00006D2834294BF00200120704701207047D3
:10ADC000002070479C0100200649074A074B9A4221
:10ADD000BEBF51F8040B42F8040BF8E70448804763
:10ADE00004480047E8D80008000000203001002097
:10ADF00005890008490100081F49204A002301E095
:10AE000041F8043B9142FBD3F5F7D8F9FEE7FEE7A2
:10AE1000FEE7FEE7FEE7FEE7FEE7FEE7FEE7FEE70A
:10AE2000FEE7FEE7FEE7FEE7FEE7FEE7FEE7FEE7FA
:10AE3000FEE7FEE7FEE7FEE7FEE7FEE7FEE7FEE7EA
:10AE4000FEE7FEE7FEE7FEE7FEE7FEE7FEE7FEE7DA
:10AE5000FEE7FEE7FEE7FEE7FEE7FEE7FEE7FEE7CA
:10AE6000FEE7FEE7FEE7FEE7FEE7FEE7FEE7FEE7BA
:10AE7000FEE7FEE7FEE7FEE7300100209C320020FF
:10AE80000A22002100F06CBA08B5074B044613B142
:10AE90000021AFF30080054B1868836A03B198471F
:10AEA000204600F0FFFA00BF00000000A4D7000811
:10AEB00038B5074B05461C68E36B1BB9242000F02E
:10AEC000C5F8E063E16B2846BDE8384000F002B801
:10AED000200100200268464BF0B592FBF3F403FB1F
:10AEE0001422002ABCBF02F5A83202F5C0724FF44A
:10AEF000616092FBF0F300FB13224FF03C008B608B
:10AF000092FBF0F300FB132204F52F24ACBF04F6F0
:10AF10006C2404F66B244B600A600723E21C92FB4E
:10AF2000F3F3344DC3EBC30394FBF5F5D31A48F6A2
:10AF3000AC6240F2B4578B612F4B304803FB0544A1
:10AF4000B4FBF2F2B4FBF7F3B4FBF0F02244D21AF4
:10AF500048F69466131A40F26D12B3FBF6F6B3FB93
:10AF6000F2F0B3FBF7F33444E31A02FB103303EBC4
:10AF7000830299240232B2FBF4F25443A61C052446
:10AF8000B6FBF4F40A2A34BF02266FF00906164411
:10AF90004FF4C87202FB05055F1C012E98BF0135F6
:10AFA000B3F5997FA7EB040702D3A3F5997214E0D8
:10AFB000820705D16424B0FBF4F204FB12024AB903
:10AFC0004FF4C872B0FBF2F402FB1400B0FA80F246
:10AFD000520900E001223B331A44A5F26C750023AC
:10AFE000CA614D610E61CF600B620846F0BD00BFC3
:10AFF00080510100B13A02004FC5FDFFB03A020096
:10B000000E4B70B51E460E4C0025E41AA410A54246
:10B0100004D056F8253098470135F8E700F04EFE89
:10B02000084B094C1E46E41AA4100025A54204D082
:10B0300056F8253098470135F8E770BD2801002003
:10B0400028010020280100202C010020024B01468D
:10B05000186800F057B800BF2001002003460244E2
:10B06000934202D003F8011BFAE7704738B5054652
:10B07000002944D051F8043C0C1F002BB8BFE41841
:10B0800000F000FA1E4A1368114613B96360146099
:10B0900030E0A3420DD92268A018834201BF18688E
:10B0A0005B681218226063600C6023E0A24203D840
:10B0B00013465A68002AF9D118681918A1420BD111
:10B0C0002168014458188242196013D110685268EF
:10B0D000014419605A600DE002D90C232B6009E08D
:10B0E00021686018824201BF106852680918216007
:10B0F00062605C602846BDE8384000F0C4B938BDE5
:10B100009032002070B5CD1C25F0030508350C2DBC
:10B1100038BF0C25002D064601DBA94202D90C23BD
:10B12000336046E000F0AEF9234B1C681A46214616
:10B13000A1B10B685B1B0ED40B2B03D90B60CC1891
:10B14000CD501EE08C420BBF63684B681360636098
:10B1500018BF0C4615E00C464968E9E7174C236810
:10B160001BB9304600F066F820602946304600F0F2
:10B1700061F8431C18D0C41C24F00304A0420DD174
:10B180002560304600F07FF904F10B00231D20F00C
:10B190000700C31A0ED05A42E25070BD211A304641
:10B1A00000F048F80130EBD10C233360304600F05A
:10B1B0006AF9002070BD00BF903200208C32002060
:10B1C000194B10B51C68A36BD3B91820FFF73EFFCD
:10B1D00043F20E33A06303804AF6CD33438041F23D
:10B1E000342383804EF26D63C3804DF6EC6303819C
:10B1F000052343810B23838101220023C0E904231B
:10B20000A16B0A4C0B6948695C43094A02FB004088
:10B21000A3FB02230132034443F10003C1E90423E9
:10B2200023F0004010BD00BF200100202DF4515834
:10B230002D7F954C38B5064C002305460846236003
:10B2400000F022F9431C02D1236803B12B6038BD02
:10B25000983200202DE9F0470F4680463F48D0F84D
:10B2600000903D4615F8014B09EB0400407800F0D2
:10B27000080000F0FF0608B12F46F2E72D2C03D19D
:10B28000BD1C7C78012603E02B2C04BF7C78BD1C00
:10B2900013B1102B0AD15BE0302C57D1287800F085
:10B2A000DF0058284DD16C7810230235002E14BFD2
:10B2B0004FF0004C6FF0004CBCFBF3FA002738460F
:10B2C00003FB1ACC09EB040E9EF801E01EF0040FFC
:10B2D00001D0303C0BE01EF0030E1BD0BEF1010F7D
:10B2E0000CBF4FF0370E4FF0570ECEEB0404A342C5
:10B2F00010DDB7F1FF3F0AD0504506D801D16445B3
:10B3000003DC03FB0040012701E04FF0FF3715F895
:10B31000014BD7E77B1C0CD1002E4FF0220314BF4A
:10B320004FF000406FF00040C8F800302AB9BDE887
:10B33000F08706B1404272B107B1691E1160BDE8E5
:10B34000F0873024002BB1D10823AFE70A23ADE703
:10B35000302CA3D0AAE7BDE8F08700BF240100206D
:10B3600013460A46014602480068FFF773BF00BF54
:10B37000200100202DE9F0470E4680463B48D0F8DA
:10B380000090354615F8014B09EB0400407800F0B9
:10B39000080000F0FF0708B12E46F2E72D2C03D17C
:10B3A000B51C7478012703E02B2C04BF7478B51CFE
:10B3B00013B1102B0AD153E0302C4FD1287800F074
:10B3C000DF00582845D16C78102302354FF0FF3C40
:10B3D000BCFBF3FC03FB0CFA00266FEA0A0A3046BA
:10B3E00009EB040E9EF801E01EF0040F01D0303C82
:10B3F0000BE01EF0030E1AD0BEF1010F0CBF4FF090
:10B40000370E4FF0570ECEEB0404A3420FDD002E93
:10B4100008DB604506D801D1544503DC03FB00403E
:10B42000012601E04FF0FF3615F8014BD8E7002E5A
:10B4300007DA2223C8F800304FF0FF302AB9BDE800
:10B44000F08707B1404272B106B1691E1160BDE8D4
:10B45000F0873024002BB9D10823B7E70A23B5E7DA
:10B46000302CABD0B2E7BDE8F08700BF240100204C
:10B4700013460A46014602480068FFF77BBF00BF3B
:10B480002001002070477047044B0246196809B933
:10B4900003491960186802441A607047943200200A
:10B4A000A0320020FEE710B5431E0A44914204D0AA
:10B4B00011F8014B03F8014FF8E710BD0EB400B5C9
:10B4C0004FF402719CB0ADF814106FF0004104917C
:10B4D00007914FF6FF711DAB02900690084853F894
:10B4E000042BADF81610006802A9019300F0FCF8D7
:10B4F000029B00221A701CB05DF804EB03B0704789
:10B5000020010020024610B513461C780132002CA1
:10B51000FAD1013B11F8012B03F8012F002AF9D1D0
:10B5200010BDC9B2034610F8012B1AB19142F9D1EE
:10B530001846704700290CBF18460020704710F8C5
:10B54000012B11F8013B012A28BF9A42F7D0D01AEB
:10B550007047034611F8012B03F8012B002AF9D19B
:10B560007047034613F8012B002AFBD1181A013843
:10B57000704730B582B1451E013915F8013F11F809
:10B58000014FA34206D1EC431444E04201D0002B0A
:10B59000F3D11C46181B30BD104630BD034610B514
:10B5A00042B111F8014B013A03F8014B002CF7D1DD
:10B5B0001A4400E010BD934202D003F8014BFAE7B1
:10B5C00010BD30B5141E05469BB0184604DA8B2317
:10B5D0002B604FF0FF301DE04FF40273ADF80C30DC
:10B5E0000CBF234604F1FF33029305934FF6FF731C
:10B5F00000910491ADF80E3002461E9B6946284624
:10B6000000F072F8431CBCBF8B232B6014B1009B6D
:10B6100000221A701BB030BD07B5009313460A46CE
:10B62000014603480068FFF7CCFF03B05DF804FB58
:10B63000200100202DE9F0478E6882469E420C468C
:10B64000914698463ED88A8912F4906F3AD0256880
:10B65000096902236F1A656905EB450595FBF3F54A
:10B660007B1C43449D4238BF1D4653050FD52946D8
:10B67000FFF748FD064698B13A462169FFF713FFE8
:10B68000A38923F4906343F08003A38113E02A4647
:10B6900000F0E3FA064670B921695046FFF7E6FC70
:10B6A0000C23CAF80030A3894FF0FF3043F0400369
:10B6B000A381BDE8F08726613E4426604646656169
:10B6C000ED1BA560464528BF4646494632462068E0
:10B6D00000F0A8FAA36800209B1BA36023681E4407
:10B6E0002660BDE8F08700002DE9F04F9DB0039380
:10B6F0008B8980461C060D4616460DD50B695BB935
:10B700004021FFF7FFFC2860286118B90C23C8F816
:10B710000030CDE040236B610023099320238DF896
:10B720002930DFF89CB130238DF82A3037463C466B
:10B7300014F8013B1BB9B7EB060910D003E0252B29
:10B74000F9D02746F3E74B46324629464046FFF7F5
:10B7500071FF013000F0A780099B4B4409933B78AF
:10B76000002B00F0A08000234FF0FF3204930793DA
:10B77000059206938DF853301A93012605222178FD
:10B780004E4800F041FA671C049B38B14B4A3C46D6
:10B79000801A06FA00F018430490EFE7D90644BF78
:10B7A00020228DF853201A0744BF2B228DF85320F6
:10B7B00022782A2A03D0079A00210A200BE0039A54
:10B7C000111D12680391002A10DA524243F0020060
:10B7D000079204900BE027463B780134303B092B5D
:10B7E00003D800FB02320121F5E701B107923B7853
:10B7F0002E2B1ED17B782A2B0AD1039B02371A1DD0
:10B800001B680392002BB8BF4FF0FF33059310E085
:10B81000002319460593781C0A2407463A7801301C
:10B82000303A092A03D804FB01210123F5E703B1CB
:10B83000059103223978224800F0E6F940B140230F
:10B84000CBEB000003FA00F0049B0137184304908F
:10B85000397806221B487E1C8DF8281000F0D4F998
:10B8600088B1194B33B9039B073323F0070308331F
:10B87000039314E003AB00932A46144B04A94046FB
:10B88000AFF3008007E003AB00932A460F4B04A9F7
:10B89000404600F093F8B0F1FF3F824603D0099B89
:10B8A0005344099342E7AB895B0601D4099801E050
:10B8B0004FF0FF301DB0BDE8F08F00BFA9D80008E1
:10B8C000AFD80008B3D800080000000035B6000863
:10B8D0002DE9F04791461F460A698B680646934258
:10B8E000B8BF1346C9F8003091F843200C46DDF884
:10B8F000208012B10133C9F800302368990642BF95
:10B90000D9F800300233C9F80030256815F0060573
:10B9100010D104F1190A07E0012352463946304696
:10B92000C04701301AD00135E368D9F800209B1ACE
:10B930009D42F1DB94F843302268003318BF0123A5
:10B9400092060FD5E118302081F843005A1C94F874
:10B9500045102244023382F8431003E04FF0FF30D9
:10B96000BDE8F08704F1430239463046C047013054
:10B97000F4D02268D9F80050E36802F00602042AE5
:10B9800008BF5D1B2269A3680CBF25EAE575002589
:10B990009342C4BF9B1AED184FF000091A344D456D
:10B9A00009D00123224639463046C0470130D5D060
:10B9B00009F10109F3E70020BDE8F0872DE9F04324
:10B9C00017460A7E85B06E2A984606460C460C9BA2
:10B9D00001F1430E00F0AE8011D8632A22D009D8BD
:10B9E000002A00F0BB80582A40F0CA8081F8452028
:10B9F000834955E0642A1ED0692A1CD0C0E0732A0E
:10BA000000F0B08009D86F2A2ED0702A40F0B8809C
:10BA10000A6842F020020A603EE0752A24D0782AA3
:10BA20003AD0ADE01A6801F14205111D19601368A2
:10BA300084F84230A8E021681A6811F0800F02D023
:10BA4000111D196008E011F0400F02F104011960A6
:10BA500002D0B2F9003000E01368002B3CDA2D224E
:10BA60005B4284F8432037E021681A6811F0800FA8
:10BA700002D0111D196007E011F0400F02F104011E
:10BA8000196001D0138800E01368227E5C496F2A98
:10BA900014BF0A2208221BE078225A4984F8452064
:10BAA0002268186812F0800F00F104051D6003D1B0
:10BAB000550601D5038800E00368D00744BF42F073
:10BAC000200222601BB9226822F02002226010228C
:10BAD000002084F8430001E049490A226568002DEE
:10BAE000A56008DB206820F0040020602BB9002D41
:10BAF0007DD175460CE0002B79D07546B3FBF2F092
:10BB000002FB1033CB5C05F8013D03460028F5D15C
:10BB1000082A0BD12368DA0708D5236962689A429C
:10BB2000DEBF302305F8013C05F1FF35C5EB0E0300
:10BB300023612EE008681A6810F0800F496903D06D
:10BB4000101D1860136808E010F0400F02F10400A7
:10BB50001860136801D0198000E019600023236188
:10BB6000754616E01A68111D196015680021626893
:10BB7000284600F049F808B1401B6060636804E0A3
:10BB800004F1420584F8422001232361002384F854
:10BB90004330CDF800803B4603AA21463046FFF7EC
:10BBA00097FE013002D14FF0FF3026E023692A468C
:10BBB00039463046C0470130F5D023689B0710D581
:10BBC000002504F1190907E001234A4639463046A9
:10BBD000C0470130E7D00135E368039A9B1A9D42C4
:10BBE000F2DBE068039B9842B8BF184605E00B788B
:10BBF00004F1420584F842308AE705B0BDE8F083DD
:10BC0000BAD80008CBD8000810B5C9B20244904297
:10BC1000034605D01C7801308C42F8D1184610BD7F
:10BC2000002010BD884210B501EB020301D8421E6E
:10BC30000BE09842FBD28118D21AD34204D013F8F9
:10BC4000014D01F8014DF8E710BD994204D011F8FB
:10BC5000014B02F8014FF8E710BDF8B5074615464D
:10BC60000E4621B91146BDE8F840FFF74BBA1AB9A4
:10BC7000FFF7FCF92846F8BD00F015F885420ED90B
:10BC800029463846FFF73EFA044650B131462A4667
:10BC9000FFF709FC31463846FFF7E8F901E0304686
:10BCA000F8BD2046F8BD51F8040C0028BEBF0918A5
:10BCB00051F8043CC018043870470000F8B500BFC4
:10BCC000F8BC08BC9E467047F8B500BFF8BC08BC7D
:10BCD0009E467047000001000100020002000300C0
:10BCE000030004000400050005000600070008002A
:10BCF00009000B000D000E001000120014001700C8
:10BD000019001C001F002100240028002B002E0019
:10BD10003200360039003D00420046004A004F0024
:10BD2000540059005E00630069006E0074007A00E0
:10BD3000800086008C0093009900A000A700AE0050
:10BD4000B600BD00C500CD00D500DD00E500EE0069
:10BD5000F600FF002E3500776F72747568722E340E
:10BD600032766F6C742E6465007570646174650062
:10BD70000D0A57656C636F6D6520746F20576F7285
:10BD800064436C6F636B204C6F6767657221002D95
:10BD90002D2D2D2D2D2D2D2D2D2D2D2D2D2D2D2DD3
:10BDA0002D2D2D2D2D2D2D2D2D2D2D0069726D70EC
:10BDB0005F696E69742E2E2E00706F7765725F69F1
:10BDC0006E69742E2E2E00706F7765725F696E69D2
:10BDD0007428292063616C6C65640064656C61790A
:10BDE0005F696E69742E2E2E00626F6172645F6CE3
:10BDF00065645F696E69742E2E2E0074696D6572BC
:10BE0000325F696E69742E2E2E00777073627574BE
:10BE1000746F6E5F696E69742E2E2E005665727394
:10BE2000696F6E3A2000322E392E352D637731003E
:10BE300048617264776172653A2053544D333246DB
:10BE400031303300446973706C61793A2057433262
:10BE50003468004C4544733A20575332383132200D
:10BE600047524200727463206973206F6E6C696E72
:10BE70006500727463206973206F66666C696E6515
:10BE800000656570726F6D206973206F6E6C696EEE
:10BE90006500656570726F6D206973206F66666CF2
:10BEA000696E6500747279696E6720746F207265BF
:10BEB000647563652049324320636C6F636B207344
:10BEC000706565642E2E2E00727463206973206E77
:10BED0006F77206F6E6C696E650072746320726597
:10BEE0006D61696E73206F66666C696E650065656D
:10BEF00070726F6D206973206E6F77206F6E6C6942
:10BF00006E6500656570726F6D2072656D61696E3A
:10BF100073206F6666696E6500706F7765725F6F1C
:10BF20006E2E2E2E004446504C41594552204C4F07
:10BF3000474745520D0A0045535038323636204C9B
:10BF40004F474745520D0A00726561642072746361
:10BF50003A202573202534642D253032642D253078
:10BF6000326420253032643A253032643A2530324A
:10BF7000640D0A007573657220627574746F6E20AB
:10BF8000707265737365643A20636F6E6669677576
:10BF900072696E672065737038323636206173209F
:10BFA00061636365737320706F696E74003132333F
:10BFB0003435363738393000776F7264636C6F63AD
:10BFC0006B5F242424242424006170202225732202
:10BFD0002C222573220077707320627574746F6E43
:10BFE00020707265737365643A2073656E64696E60
:10BFF0006720657370383236362077707320636F30
:10C000006D6D616E640077707300657370383236E1
:10C0100036206E6F77207570006573703832363653
:10C02000206E6F77206F6E6C696E65006463663793
:10C03000373A202573202534642D253032642D2590
:10C0400030326420253032643A253032643A25306B
:10C0500032640D0A0074696D6500466F756E642068
:10C0600054696D65723A2025732061742025303241
:10C07000643A253032640D0A00466F756E642054B0
:10C08000696D65723A20616D62696C6967687420D8
:10C09000257320617420253032643A253032640DD6
:10C0A0000A006E65745F74696D655F636F756E74A9
:10C0B000646F776E203D2025642C20646F6E27749A
:10C0C00020636865636B206F7665726C6179730DB0
:10C0D0000A00445331387878782074656D70657241
:10C0E00061747572653A20256425730D0A005254F7
:10C0F000432074656D70657261747572653A2025B0
:10C100006425730D0A006F7665726C61792069632E
:10C110006F6E2025730D0A0077633234682D6963D2
:10C120006F6E2E747874006F7665726C617920641E
:10C13000617465006F7665726C61792074656D70ED
:10C1400065726174757265006F7665726C617920D5
:10C15000776561746865722069636F6E006F7665DC
:10C16000726C6179207765617468657220666F72A0
:10C1700065636173742069636F6E006F7665726CBE
:10C1800061792077656174686572006F7665726C9D
:10C190006179207765617468657220666F72656386
:10C1A000617374006F7665726C6179207469636B7A
:10C1B00065723A20272573270D0A006F7665726C29
:10C1C0006179206D70333A20253032642F25303369
:10C1D000640D0A006F7665726C6179206D70333A78
:10C1E00020696E76616C696420666F726D61743A65
:10C1F0002025730D0A00676F742074656D70657279
:10C2000061747572652066726F6D204453313878A1
:10C2100078783A20256425730D0A00676F742074BE
:10C22000656D70657261747572652066726F6D20E0
:10C230005254433A20256425730D0A0073776974BC
:10C240006368696E6720706F776572206F6666003D
:10C250006466706C61796572206973206F6E6C69B9
:10C260006E6500256420253032643A253032642022
:10C27000616C61726D5F696478203D2025640D0AF0
:10C28000005375004D6F00547500576500546800E9
:10C29000467200536100000081C2000884C2000899
:10C2A00087C200088AC200088DC2000890C2000838
:10C2B00093C200080000003F0000003F003F3F0025
:10C2C00000003F3F003F003F3F3F3F3F2020002016
:10C2D00020203F3F3F3F00000403030303030367A5
:10C2E00065742074656D7065726174757265007433
:10C2F0006F67676C65206175746F2062726967682B
:10C30000746E657373006F6B0064656372656D6551
:10C310006E7420646973706C6179206D6F64650060
:10C32000696E6372656D656E7420646973706C61AB
:10C3300079206D6F64650064656372656D656E7408
:10C3400020616E696D6174696F6E206D6F64650048
:10C35000696E6372656D656E7420616E696D61747E
:10C36000696F6E206D6F64650064656372656D65ED
:10C370006E7420686F757200696E6372656D656EAC
:10C380007420686F75720064656372656D656E74A4
:10C39000206D696E75746500696E6372656D656E9A
:10C3A00074206D696E7574650064656372656D6592
:10C3B0006E7420726564206272696768746E65735A
:10C3C0007300696E6372656D656E742072656420BA
:10C3D0006272696768746E65737300646563726521
:10C3E0006D656E7420677265656E2062726967683C
:10C3F000746E65737300696E6372656D656E74202B
:10C40000677265656E206272696768746E657373C2
:10C410000064656372656D656E7420626C7565207D
:10C420006272696768746E65737300696E637265C2
:10C430006D656E7420626C756520627269676874E0
:10C440006E6573730064656372656D656E742067F5
:10C450006C6F62616C206272696768746E65737379
:10C4600000696E6372656D656E7420676C6F6261E2
:10C470006C206272696768746E65737300706F77A1
:10C480006572206F66662F6F6E0020205468616EA3
:10C490006B20796F7521004E65772074696D657A20
:10C4A0006F6E653A2025640D0A004446506C617930
:10C4B00065723A2073657420766F6C756D65202502
:10C4C000640D0A00636D643A2073657420756E6BA9
:10C4D0006E6F776E206E756D20766172206964785C
:10C4E0002025643A2025640D0A0050756E6B746532
:10C4F0003A20256C6400746162696E666F00495071
:10C5000020257300696E666F3A206970206164644B
:10C5100072657373203D2025730D0A00414E004162
:10C520004400414500414600434E0043440043451A
:10C53000004346004D4E004D44004D45004D460021
:10C540004F54004F49004F44004F43004F530025C4
:10C55000732530327825303478004F59004F4E0023
:10C560004F460074253032782530327825303278C5
:10C570002530327800612530327825303278253008
:10C58000327825303278006C253032782530327898
:10C59000253032782530327800696E666F3A207720
:10C5A000656174686572203D2025730D0A00696E0F
:10C5B000666F3A207765617468657220666F726590
:10C5C00063617374203D2025730D0A00696E666FE8
:10C5D0003A20776561746865722069636F6E202503
:10C5E000730D0A0077633234682D7765617468656E
:10C5F000722E74787400696E666F3A207765617484
:10C6000068657220666F7265636173742069636F19
:10C610006E2025730D0A0063616E6E6F7420726563
:10C6200061642069636F6E0D0A00746162696C6CED
:10C63000750077705F636F756E7420256420657870
:10C6400063656564732057505F434F554E540D0A20
:10C650000077635F726F77732F636F6C756D6E73A6
:10C660002025642F2564206E6F7420636F727265BD
:10C6700063740D0A002564222C22300074616274F8
:10C68000002564222C2225640074616268007461B4
:10C69000626D007461626C657320636F6D706C65B0
:10C6A00074650050756E6B74653A20256400003F18
:10C6B00000003F3F00003F2020203F3F00003F00A0
:10C6C0003F003F3F00004446506C617965723A205C
:10C6D00077726F6E6720636865636B73756D0D0AA3
:10C6E000004446506C617965723A20696E736572D8
:10C6F0007465642055534220737469636B0044462B
:10C70000506C617965723A20696E73657274656404
:10C710002053442063617264004446506C61796523
:10C72000723A20696E73657274656420756E6B6E03
:10C730006F776E20646576696365004446506C616E
:10C740007965723A2072656D6F7665642055534243
:10C7500020737469636B004446506C617965723A6A
:10C760002072656D6F766564205344206361726446
:10C77000004446506C617965723A204446506C61C1
:10C780007965722072656D6F76656420756E6B6E6B
:10C790006F776E20646576696365004446506C610E
:10C7A0007965723A20747261636B202564206F6E24
:10C7B0002055534220737469636B2066696E6973F8
:10C7C0006865642E0D0A004446506C617965723AC2
:10C7D00020747261636B202564206F6E20534420A7
:10C7E000636172642066696E69736865642E0D0A00
:10C7F000004446506C617965723A20747261636BD3
:10C80000202564206F6E20466C6173682066696E17
:10C8100069736865642E0D0A004446506C61796541
:10C82000723A204E6F206D656D6F727920666F755C
:10C830006E64004446506C617965723A20555342EB
:10C8400020737469636B206F6E6C696E650044467B
:10C85000506C617965723A205344206361726420A0
:10C860006F6E6C696E65004446506C617965723A12
:10C87000205043202841555829206F6E6C696E6501
:10C88000004446506C617965723A20466C61736869
:10C89000206F6E6C696E65004446506C61796572FC
:10C8A0003A204D6F64756C652069732062757379E9
:10C8B000004446506C617965723A204672616D653C
:10C8C000206461746120696E636F6D706C6574655E
:10C8D000004446506C617965723A2056657269660B
:10C8E00069636174696F6E206572726F720044468D
:10C8F000506C617965723A2046696C65206E6F7480
:10C9000020666F756E64004446506C617965723ABA
:10C9100020556E6B6E6F776E206572726F723A2063
:10C92000307825303258203078253032580D0A00C2
:10C930004446506C617965723A205265706C793F5B
:10C940003F004446506C617965723A2053746174BB
:10C950007573202530325820253032580D0A004496
:10C9600046506C617965723A20566F6C756D652022
:10C9700025640D0A004446506C617965723A204581
:10C9800051204E6F726D616C004446506C61796548
:10C99000723A20455120506F70004446506C6179C6
:10C9A00065723A20455120526F636B004446506CCB
:10C9B000617965723A204551204A617A7A0044468D
:10C9C000506C617965723A20455120436C617373F4
:10C9D0006963004446506C617965723A2045512084
:10C9E00042617373004446506C617965723A204528
:10C9F0005120756E6B6E6F776E004446506C617996
:10CA000065723A20506C61796261636B206D6F646E
:10CA100065204E6F726D616C004446506C617965A3
:10CA2000723A20506C61796261636B206D6F64654E
:10CA300020466F6C646572004446506C6179657283
:10CA40003A20506C61796261636B206D6F64652080
:10CA500053696E676C65004446506C617965723A43
:10CA600020506C61796261636B206D6F6465205248
:10CA7000616E646F6D004446506C617965723A2056
:10CA8000506C61796261636B206D6F646520756EB7
:10CA90006B6E6F776E004446506C617965723A2018
:10CAA00056657273696F6E20253034580D0A004444
:10CAB00046506C617965723A205344206361726418
:10CAC0002066696C65732025640D0A004446506C2D
:10CAD000617965723A2055534220737469636B2003
:10CAE00066696C65732025640D0A004446506C61CC
:10CAF0007965723A20466C6173682066696C65736B
:10CB00002025640D0A004446506C617965723A2014
:10CB10004B656570206F6E3F3F3F0D0A00444650E5
:10CB20006C617965723A20534420636172642074A9
:10CB30007261636B2025640D0A004446506C617974
:10CB400065723A2055534220737469636B20747286
:10CB500061636B2025640D0A004446506C61796561
:10CB6000723A20466C61736820747261636B202591
:10CB7000640D0A004446506C617965723A20717503
:10CB800065727920736F667477617265207665725D
:10CB900073696F6E004446506C617965723A207318
:10CBA000657420736F75726365206465766963656B
:10CBB0003A2025640D0A004446506C617965723A4A
:10CBC000207365742065712025640D0A0044465069
:10CBD0006C61796572206973207570000200000035
:10CBE000050000000C000000110000002200000001
:10CBF000050000000C000000050000000C00000013
:10CC000000000000100000001000000020000000E4
:10CC100020000000010000000100000000000000F2
:10CC200002000000050000000C00000011000000E0
:10CC300022000000050000000C00000005000000BC
:10CC40000C000000000000000000000000000000D8
:10CC500000000000000000000100000001000000D2
:10CC600000000000010000000F000000150000009F
:10CC7000070000000B000000070000000B00000090
:10CC8000070000000B0000000F000000140000006F
:10CC9000000000000F000000140000000000000071
:10CCA000010000000000000003000000050000007B
:10CCB0000C0000000F0000001E0000000500000036
:10CCC0000C000000040000000B0000000000000049
:10CCD00010000000150000002500000025000000E5
:10CCE0000100000001000000000000001F00000023
:10CCF0001C0000001F0000001E0000001F000000BC
:10CD00001E0000001F0000001F0000001E000000A9
:10CD10001F0000001E0000001F00000005000000B2
:10CD2000020000000B0000000C0000001A000000D0
:10CD3000020000000B000000020000000B000000D9
:10CD400000000000100000001C000000280000008F
:10CD500030000000010000000100000000000000A1
:10CD60004443463737204572726F723A20486967EC
:10CD7000682070756C7365203C3D20350044434647
:10CD80003737204572726F723A20486967682070A1
:10CD9000756C7365203E3D2032350044434637377D
:10CDA000204572726F723A207061726974792050F6
:10CDB0003120696E636F7272656374004443463755
:10CDC00037204572726F723A2070617269747920EF
:10CDD000503220696E636F7272656374004443461B
:10CDE0003737204572726F723A20706172697479B8
:10CDF00020503320696E636F727265637400222C59
:10CE000022007769636F6E007769636F6E5F666398
:10CE100000776561746865725F6663007661722091
:10CE20000053253032782573004E25303278253076
:10CE30003278253032780054253032782530346409
:10CE40002530326425303264253032642530326436
:10CE5000253032640044432530327825303278253D
:10CE600030327825303278303000257325303278F2
:10CE7000257300257325303278253032780073779A
:10CE800069746368696E6720706F776572206F6E72
:10CE900000000F00000202020200000F0004040460
:10CEA00004080E000006040400000E020004040C36
:10CEB00000020E000004040600000E08000C04042A
:10CEC0000006060000060600000606000006060032
:10CED00000060C00000406020000060C00080C040A
:10CEE00000040E000004060400000E0400040C04FC
:10CEF000000C06000002060400000C0600040C08EA
:10CF0000000000003F0000002F0000001F00000094
:10CF10000F00000000000000000000000000000002
:10CF20000000000000000000000000000000000001
:10CF300000000000000000000000000000000000F1
:10CF40000F0000001F0000002F0000003F00000045
:10CF50003F0000003F0000003F0000003F000000D5
:10CF60003F0000004E6F6E65004661646500526FC1
:10CF70006C6C004578706C6F646500536E616B6516
:10CF80000054656C6574797065004375626500478F
:10CF90007265656E4D61747269780044726F7000DD
:10CFA00053717565657A6500466C69636B657200DF
:10CFB0005265644D6174726978005261696E626F86
:10CFC00077004461796C6967687400436C6F636BC8
:10CFD00000436C6F636B3200442E4D2E5900777303
:10CFE000323831323A2065787465726E616C207027
:10CFF000756C6C7570206465746563746564007726
:10D0000073323831323A206E6F2065787465726EF3
:10D01000616C2070756C6C757020646574656374E8
:10D020006564000000000000000000000000000037
:10D0300000000000000000000000000000000000F0
:10D0400000000000000000000F0000001F000000B2
:10D050002F0000003F0000002F0000001F00000014
:10D060000F000000000000000000000000000000B1
:10D0700000000000000000000000000000000000B0
:10D0800000000000000000000000000000000000A0
:10D090000F0000001F0000002F0000003F000000F4
:10D0A0003F0000003F0000003F0000003F00000084
:10D0B0003F0000003F0000003F0000003F00000074
:10D0C0003F0000003F0000003F0000003F00000064
:10D0D0002F0000001F0000000F00000000000000F3
:10D0E0000000000000000000000000003C42423C44
:10D0F00000000000241824427E42420024003C42EA
:10D1000042423C002400424242423C002418244255
:10D110007E42420024003C4242423C002400424203
:10D1200042423C007C427C427C40400000000000C7
:10D1300000000000000000000000000000000000EF
:10D1400000000000000000000000000000000000DF
:10D1500000000000000000000000000000000000CF
:10D1600000000000000000000000000000000000BF
:10D1700000000000000000000000000000000000AF
:10D18000000000000000000000000000000000009F
:10D19000000000000000000000000000000000008F
:10D1A000000000000000000000000000000000007F
:10D1B000000000000000000000000000000000006F
:10D1C000000000000000000000000000000000005F
:10D1D000000000000000000000000000000000004F
:10D1E0000000000000000000000000003838381087
:10D1F00000383800EEEE4400000000002828FE2829
:10D20000FE2828007C92907C12927C00E2A4E81018
:10D210002E4A8E00304830708A847A0038381020C8
:10D22000000000001820404040201800300804048E
:10D2300004083000004428EE284400000010107C50
:10D240001010000000000038381020000000007CA2
:10D250000000000000000000383838000204081008
:10D26000204080003844A2928A4438001030501088
:10D2700010107C007C82027C8080FE007C82027C1C
:10D2800002827C00808484FE04040400FE80807C92
:10D2900002827C007C8280FC82827C00FE840810FA
:10D2A000202020007C82827C82827C007C82827EA4
:10D2B00002827C0010281000102810003838003836
:10D2C00038102000081020402010080000007C00CA
:10D2D0007C00000020100804081020007C82020C52
:10D2E000100010007C82BAAABC827C001028448204
:10D2F000FE828200FC8282FC8282FC007C82808032
:10D3000080827C00FC8282828282FC00FE8080F827
:10D310008080FE00FE8080F8808080007C82809E7D
:10D3200082827C00828282FE82828200381010100B
:10D33000101038000202020282827C00848890E091
:10D3400090888400808080808080FE0082C6AA92BF
:10D350008282820082C2A2928A8682007C8282823B
:10D3600082827C00FC8282FC808080007C828282BF
:10D370008A847A00FC8282FC888482007C82807CA1
:10D3800002827C00FE101010101010008282828237
:10D3900082827C0082828282442810008292929251
:10D3A00092926C0082442810284482008244281003
:10D3B00010101000FE0408102040FE007C40404089
:10D3C00040407C0080402010080402007C040404DB
:10D3D00004047C001028440000000000000000004D
:10D3E0000000FE0038381008000000000018244239
:10D3F0007E424200007C427C42427C00003C424033
:10D4000040423C00007C424242427C00007E407C24
:10D4100040407E00007E407C40404000003C424056
:10D420004E423C000042427E424242000008080850
:10D43000080808000002020202423C000042447850
:10D44000484442000040404040407E000042665A4E
:10D4500042424200004262524A464200003C42427E
:10D4600042423C00007C42427C404000003C424240
:10D470004A443A00007C42427C444200003C403C2A
:10D4800002423C00003E08080808080000424242F0
:10D4900042423C00004242424224180000424242C2
:10D4A0005A66420000422418182442000022140840
:10D4B00008080800007E040810207E00384040C0A4
:10D4C00040403800101010001010100038040406FE
:10D4D0000404380060920C0000000000000000000E
:10D4E000000000006E253032782530327825303249
:10D4F00078006572726F723A2063616E6E6F74208D
:10D5000072657365742049324320627573002D2D56
:10D510003E20003C253032783E003C30643E3C30BA
:10D52000613E0D0A00003F3F57726974696E6720C3
:10D53000257320746F20454550524F4D2066616918
:10D540006C65640D0A0063757272656E74206565A2
:10D5500070726F6D2076657273696F6E3A203078E5
:10D56000253038780D0A0072656164696E6720693C
:10D570007220636F6465732066726F6D20656570DD
:10D58000726F6D003139322E35332E3130332E31FA
:10D5900030330046494C452000544142005441423A
:10D5A0004C455300494E464F2000494C4C552000F5
:10D5B0005420004820004D20002800290D0A004F6B
:10D5C0004B004552524F52002D20004950414444D7
:10D5D000524553532000415020004D4F44452000F8
:10D5E00061700054494D452000574541544845520B
:10D5F0002000574541544845525F46432000574953
:10D60000434F4E20005749434F4E5F46432000464C
:10D6100049524D574152452000434D4420004F5040
:10D62000454E2000434C4F5345002573222C2225A4
:10D6300073007570646174696E6720454550524F80
:10D640004D20746F2076657273696F6E2030782577
:10D650003038782E2E2E2000495220636F64657377
:10D66000006E696768742074696D6520636F6E660B
:10D67000696775726174696F6E00616C61726D20AB
:10D6800074696D6520636F6E666967757261746930
:10D690006F6E0074656D706572617475726520637C
:10D6A0006F6E66696775726174696F6E005254437C
:10D6B00020636F6E66696775726174696F6E004C86
:10D6C000445220636F6E66696775726174696F6E2C
:10D6D000007765617468657220636F6E666967754F
:10D6E000726174696F6E00757064617465206D613C
:10D6F000696E20706172616D657465727320636F0D
:10D700006E66696775726174696F6E00646F6E65CD
:10D7100000646973706C617920636F6E6669677508
:10D72000726174696F6E006F7665726C61792063E7
:10D730006F6E66696775726174696F6E0074696D8A
:10D740006573657276657220636F6E666967757260
:10D750006174696F6E006466706C617965722063D4
:10D760006F6E66696775726174696F6E006F76655A
:10D77000726C61795F63616C635F6F7665726C6117
:10D78000795F64617465733A20696E76616C69646F
:10D7900020646174655F636F64653A2025640D0AD7
:10D7A00000000000C00000200020202020202020B9
:10D7B0002020282828282820202020202020202041
:10D7C0002020202020202020208810101010101051
:10D7D000101010101010101010040404040404049D
:10D7E0000404041010101010101041414141414137
:10D7F0000101010101010101010101010101010119
:10D800000101010110101010101042424242424228
:10D8100002020202020202020202020202020202E8
:10D820000202020210101010200000000000000090
:10D8300000000000000000000000000000000000E8
:10D8400000000000000000000000000000000000D8
:10D8500000000000000000000000000000000000C8
:10D8600000000000000000000000000000000000B8
:10D8700000000000000000000000000000000000A8
:10D880000000000000000000000000000000000098
:10D890000000000000000000000000000000000088
:10D8A000000000000000000000232D302B20006845
:10D8B0006C4C00656667454647003031323334357D
:10D8C00036373839414243444546003031323334EB
:10D8D00035363738396162636465660000000000E0
:08D8E0006828FF7F0100000031
:10D8E800FF0000002000000000A24A04FF00000022
:10D8F800D80E0000FF0000001F0000000000FF0F0E
:10D90800FF0000000400000000000000000000000C
:10D918000102030406070809003F3F200000000039
:10D9280005000000FFFF000005000000FFFFFFFFEB
:10D93800FFFF000064000000FF0000000A00000074
:10D94800FFFF0000FF000000FF000000FF000000D4
:10D95800FFFF0000FF0000003139322E35332E3131
:10D9680030332E3130330000000000000100000089
:10D9780000000000FF00000020000002040608006C
:10D988000000000000000000FF0000000000000090
:10D99800010203040102030406070809E424002025
:10D9A800000000000000000000000000000000006F
:10D9B800000000000000000000000000000000005F
:10D9C8004AC5000800000000000000000000000038
:10D9D800000000000000000000000000000000003F
:10D9E800000000000000000000000000000000002F
:10D9F800000000000000000000000000000000001F
:10DA0800C0000020A8D7000811010008ED00000898
:0400000508000000EF
:00000001FF
